,name,city,content,score,date
0,烦烦电影, ,台词矫情的令人发指！,较差,2018-04-23
1,无B知晓,山东青岛,刘若英对着镜头唱一遍后来我都觉得比这片子感动。,较差,2018-04-28
2,末药煎肉塔,"P&#39;yŏngyang, North Korea",现在还把北京设定为梦想之城的，大概受众也是瞄准了小镇青年吧（多次冲北京喊话真是挺尴尬的）。剧情拖太长，唯一的泪点还是田壮壮演的老爸，周冬雨老演这种角色不会腻吗？,较差,2018-04-23
3,华盛顿樱桃树,北京,最好的是演员，周冬雨完全开辟出自己的戏路。小井进步惊人，已长出美丽。最差的是编剧，没有一场完全连贯的戏，几乎都是攒的。,还行,2018-04-23
4,昵称过期作废, ,毫无看点可言。剧情处处是硬伤！这是电影吗？这是PPT，刘小姐，还是回去唱歌吧。,很差,2018-04-27
5,xiaoning, ,真的很讨厌卖情怀的电影，而且还有一个不是很有才华的歌手做导演，要不是主题曲我应该都不会想看。（留言说我收钱黑的，老子收了一分黑钱我多的钱都亏出去行了吧，就这尴尬的台词乱拼凑的故事还用收钱黑，我真是谢你们大爷了，你不用管我觉得谁有才华，反正这位文青女导演还真不是）,很差,2018-04-28
6,尼克Lui, ,垃圾做作的电影 这么多年了还在不断的重复搞这种烂片 大晚上被抓住票房造假 哈哈哈哈哈哈 垃圾怎么包装也是垃圾！,很差,2018-04-28
7,葡萄猪不爱睡觉, ,从形式内容到档期营销，统统都是模仿当年的致青春，致青春票房年度第二，这部最终估计也不会差,很差,2018-04-26
8,糖炒荔枝, ,在我眼里第二个无问西东，投机取巧，毫无才华，对不起,很差,2018-04-28
9,一一,北京,"只有四个字，生拼硬凑！
第一次看电影中途离场！",很差,2018-04-28
10,维维, ,"荤段子还是挺搞笑
但不懂片的三观
飞机延误住酒店前任俩人进了一间房
假如男主妻子没打电话来谁知道会不会发生啥
后面还牵着手跑
现任绿油油
分手分的不明不白 
挽回时周冬雨的拒绝也让人不明就里
看的真尴尬
唯一看点就是田壮壮
想不通前任片怎么这么火
年轻人更应该学学怎么沟通和表达爱",较差,2018-04-28
11,_______喂丶, ,恋爱、分手、错过、重逢的故事，国产特色……,很差,2018-04-28
12,呼叫G2,北京,没有田壮壮的表演 这应该就是崩了吧 符号化的北漂故事 不成熟的认知 生硬的转折 刘若英还是挺活在自己想象里的,较差,2018-04-23
13,好青年bobo, ,演员还是有好感的，但是真的很做作很矫情啊,很差,2018-04-28
14,刘三姐不好死, ,拍得太差了 一分都不想给 比PPT还难看  还是去看小时代把,很差,2018-04-28
15,Lalio,北京,不是每个人都能做导演！刘若英你不是女文青么？怎么拍出的片子这么矫情俗烂。悲伤逆流成河式的对白，躺在书页上的这种句子我都看的反胃，刘若英竟然让男女主对白个不停。叙事手法也真的很装b，大学毕业生为什么会去做客服？对北漂一族的误解是不是太大了？2018最烂！张一白果然从不失手。,很差,2018-04-28
16,一口吃掉小蛋糕,北京,终于给了井柏然一次证明演技的机会，剧情算得上顺畅，失去你的世界将不再有颜色，这个设定很赞，只不过并不能戳到我。可能是因为我没有可以怀念的人，北漂也没有那么苦，实在是共鸣不能。主题曲没有用到五月天的那首，很遗憾，只能当做是一般故事片来看，电影里并没有我的青春。,推荐,2018-04-25
17,桃桃淘电影,"P&#39;yŏngyang, North Korea",我能指出这个片子一大堆问题，但是，还是会被一些细节所感动，就好像周冬雨说i miss you的时候。看完之后，你就明白，这确实是刘若英的电影，整个电影都非常刘若英。另外，这差不多是我看到的最好的周冬雨了。,还行,2018-04-28
18,影志,北京,卖光盘的地下通道，鼎好电脑城，北京的地下室和隔断房，舍不得打车，老家的辣椒酱…07年的北京汇成一道回忆光景。“幸福不是故事，不幸才是”后来的我们什么都有了，却没了我们。“想不负此生真的很难” 前半段和结尾有抹泪…,推荐,2018-04-23
19,俏皮面,北京,最后半小时你哭完我哭、我哭完你哭的观感特别煎熬，结尾用亲情来煽情好鸡贼。这电影就是清理ddrk义务宣传片。,较差,2018-04-23
20,维维, ,"荤段子还是挺搞笑
但不懂片的三观
飞机延误住酒店前任俩人进了一间房
假如男主妻子没打电话来谁知道会不会发生啥
后面还牵着手跑
现任绿油油
分手分的不明不白 
挽回时周冬雨的拒绝也让人不明就里
看的真尴尬
唯一看点就是田壮壮
想不通前任片怎么这么火
年轻人更应该学学怎么沟通和表达爱",较差,2018-04-28
21,_______喂丶, ,恋爱、分手、错过、重逢的故事，国产特色……,很差,2018-04-28
22,呼叫G2,北京,没有田壮壮的表演 这应该就是崩了吧 符号化的北漂故事 不成熟的认知 生硬的转折 刘若英还是挺活在自己想象里的,较差,2018-04-23
23,好青年bobo, ,演员还是有好感的，但是真的很做作很矫情啊,很差,2018-04-28
24,刘三姐不好死, ,拍得太差了 一分都不想给 比PPT还难看  还是去看小时代把,很差,2018-04-28
25,Lalio,北京,不是每个人都能做导演！刘若英你不是女文青么？怎么拍出的片子这么矫情俗烂。悲伤逆流成河式的对白，躺在书页上的这种句子我都看的反胃，刘若英竟然让男女主对白个不停。叙事手法也真的很装b，大学毕业生为什么会去做客服？对北漂一族的误解是不是太大了？2018最烂！张一白果然从不失手。,很差,2018-04-28
26,一口吃掉小蛋糕,北京,终于给了井柏然一次证明演技的机会，剧情算得上顺畅，失去你的世界将不再有颜色，这个设定很赞，只不过并不能戳到我。可能是因为我没有可以怀念的人，北漂也没有那么苦，实在是共鸣不能。主题曲没有用到五月天的那首，很遗憾，只能当做是一般故事片来看，电影里并没有我的青春。,推荐,2018-04-25
27,桃桃淘电影,"P&#39;yŏngyang, North Korea",我能指出这个片子一大堆问题，但是，还是会被一些细节所感动，就好像周冬雨说i miss you的时候。看完之后，你就明白，这确实是刘若英的电影，整个电影都非常刘若英。另外，这差不多是我看到的最好的周冬雨了。,还行,2018-04-28
28,影志,北京,卖光盘的地下通道，鼎好电脑城，北京的地下室和隔断房，舍不得打车，老家的辣椒酱…07年的北京汇成一道回忆光景。“幸福不是故事，不幸才是”后来的我们什么都有了，却没了我们。“想不负此生真的很难” 前半段和结尾有抹泪…,推荐,2018-04-23
29,俏皮面,北京,最后半小时你哭完我哭、我哭完你哭的观感特别煎熬，结尾用亲情来煽情好鸡贼。这电影就是清理ddrk义务宣传片。,较差,2018-04-23
30,基闹,北京,在几个深情告白的段落呼吸沉重，旁边的姑娘一定以为我哭了，我没有，我是翻白眼翻到大喘气。希望今年不会再看到任何台词不说人话的电影了。,较差,2018-04-24
31,凌睿,江苏南京,1.羡慕你们长得好看的，坐个火车就能艳遇。不像我，坐火箭都没用。2.周冬雨对69真执着，《奇门遁甲》里扇大鹏69个耳光，《后来的我们》说她69岁。3.为什么现在的电影全是拍北京，可不可以给广州上海成都一个机会？4.应该彩色部分倒叙，黑白部分正叙，至少8.5分。,还行,2018-04-28
32,Your MR.R, ,故事是攒出来的。台词是矫情玛丽苏的。故事的设定是刻意为之的。有故事的人不见得会讲故事。,较差,2018-04-28
33,哪吒男,广东深圳,拜托田壮壮老师多接戏接好戏！！！！太会演太催泪了。,还行,2018-04-24
34,Melody, ,隔壁幕后玩家好看太多，可惜票房扑街...,较差,2018-04-28
35,陆支羽,北京,3.5。1.所有“错过就不再”的爱情，总是戒不掉回忆，逃不过遗憾。2.感慨于刘若英的导演处女作，让我们如此活生生、赤裸裸地触探到自己的漂泊处境，我相信任何有故事的人都难免泪目。3.周冬雨和井柏然着实让我刮目相看，而田壮壮是电影的基调。4.后来的我们，终于什么都有了，可是没有了我们。,还行,2018-04-25
36,羽川翼,北京,哇，片方买预售然后大规模退票的新注水方式，厉害了,很差,2018-04-28
37,LOOK,上海,整个电影就是在贩卖一个个烂大街的概念，所有一切关于爱情的千回百转都是想当然的既定设计，都是卡拉OK五流流行歌曲的自我催眠，都是“应该”要被哭泣被幸福。没有任何一场戏能逃脱这个思路也是够可以的。最出戏的是田壮壮，那原汁原味的纯正北京味真是替哭着喊着要去北京的井柏然哭笑不得。零蛋。,很差,2018-04-28
38,Blue Monday,安徽合肥,剧情很散，大部分时间感觉很矫情。大型MV现场？,较差,2018-04-28
39,张学友老婆,"Praha, Czech Republic",又一堆没节操的豆瓣红人拉广告了，谢谢你们哦，让我知道这部片，可以给她打个一星,很差,2018-04-28
40,基闹,北京,在几个深情告白的段落呼吸沉重，旁边的姑娘一定以为我哭了，我没有，我是翻白眼翻到大喘气。希望今年不会再看到任何台词不说人话的电影了。,较差,2018-04-24
41,凌睿,江苏南京,1.羡慕你们长得好看的，坐个火车就能艳遇。不像我，坐火箭都没用。2.周冬雨对69真执着，《奇门遁甲》里扇大鹏69个耳光，《后来的我们》说她69岁。3.为什么现在的电影全是拍北京，可不可以给广州上海成都一个机会？4.应该彩色部分倒叙，黑白部分正叙，至少8.5分。,还行,2018-04-28
42,Your MR.R, ,故事是攒出来的。台词是矫情玛丽苏的。故事的设定是刻意为之的。有故事的人不见得会讲故事。,较差,2018-04-28
43,哪吒男,广东深圳,拜托田壮壮老师多接戏接好戏！！！！太会演太催泪了。,还行,2018-04-24
44,Melody, ,隔壁幕后玩家好看太多，可惜票房扑街...,较差,2018-04-28
45,陆支羽,北京,3.5。1.所有“错过就不再”的爱情，总是戒不掉回忆，逃不过遗憾。2.感慨于刘若英的导演处女作，让我们如此活生生、赤裸裸地触探到自己的漂泊处境，我相信任何有故事的人都难免泪目。3.周冬雨和井柏然着实让我刮目相看，而田壮壮是电影的基调。4.后来的我们，终于什么都有了，可是没有了我们。,还行,2018-04-25
46,羽川翼,北京,哇，片方买预售然后大规模退票的新注水方式，厉害了,很差,2018-04-28
47,LOOK,上海,整个电影就是在贩卖一个个烂大街的概念，所有一切关于爱情的千回百转都是想当然的既定设计，都是卡拉OK五流流行歌曲的自我催眠，都是“应该”要被哭泣被幸福。没有任何一场戏能逃脱这个思路也是够可以的。最出戏的是田壮壮，那原汁原味的纯正北京味真是替哭着喊着要去北京的井柏然哭笑不得。零蛋。,很差,2018-04-28
48,Blue Monday,安徽合肥,剧情很散，大部分时间感觉很矫情。大型MV现场？,较差,2018-04-28
49,张学友老婆,"Praha, Czech Republic",又一堆没节操的豆瓣红人拉广告了，谢谢你们哦，让我知道这部片，可以给她打个一星,很差,2018-04-28
50,有匪君子, ,刘若英实在是太让人惊喜的导演，全篇架构简单却感情真挚细腻，更难得的是在前任的故事再加入了长辈的视角，全篇都没有《后来》反而是一些街角流浪歌手的民谣，好好听，票房超不过前任3我真的要气气气死了！,力荐,2018-04-27
51,法兰西胶片,北京,7分，文本底子不算创新，三幕的时间感也略统一，但情感始终是沉甸甸的，多次打破小生光圈，能看到刘若英还是有导演意识的。这是40岁后的她，在努力和40岁前的自己保持距离。2007年恰好也是我关键10年的开始，那一年的一系列波折，我决定不再做导演梦，改入编辑部，只与文字为伍。,推荐,2018-04-23
52,眠去,山东青岛,"i miss you, i missed you. 田壮壮才是电影的镇海魂啊。“缘分这事，只要不负对方就好，不负此生，太难了……”人生，全在这封信里了。",还行,2018-04-28
53,茶不思, ,"奶茶的少女心太尬了。男女主无论什么情况下都能突然开启青春疼痛对白。
怕是对能火的网游有什么误解，整个网吧都在打纪念碑谷。。。。
井柏然很赞！！！！！！！！！！
最后，对不起，还有，谢谢你，你比北京美

哈哈哈，感觉最感人的地方是片尾出现的北京站，总是能想起在那里送走的人。",还行,2018-04-28
54,菲菲不停问我,北京,看的尴尬癌发作。,很差,2018-04-28
55,uncanny1993, ,今天看的点映，真的非常好看，简直满分。刘若英第一次导演就有这么好的作品，真的让人喜出望外。,力荐,2018-04-27
56,无耻不混蛋,北京,这是一部拍给所有异乡人看的电影。等了这么多年，终于等来这样的电影。它关乎爱情，却又不仅仅只是爱情，还有怎么也逃不走、化不开的亲情。它告诉我们，什么叫“家人”，什么叫“家”。正是因为“羁绊”与“牵挂”。没了“你”，还有“我”吗？或许所有的“前任”，都是我们永远无法抵达的“乌托邦”。,推荐,2018-04-23
57,大奇特(Grinch),北京,低配版甜蜜蜜，纽约梦变北漂梦，邓丽君变盗版盘，一趟火车，彩色黑白,null,2018-04-23
58,frozenmoon,北京,不知道多少人看过网飞出品的《蓝色杰伊》，这故事确实让我想起那部有关重逢和错失的电影，同样的黑白影调，同样的当下和过去之间的交缠。如果说哪里不好，或许在出租车上向北京喊话的桥段太尴尬，或许男孩儿最后的成功太浮夸，但细节和情感都还好，带着真实生活的蒸汽和茸毛。,推荐,2018-04-28
59,西楼尘,江苏苏州,上九天揽月不难，难的是踏进的车厢没有你；下五洋捉鳖不怕，怕的是后来的结局没有我。我戴上自尊的假发，回到故乡换不回尊重；你留恋幸福的沙发，来到他乡弄丢了幸福。故乡容纳不了灵魂，他乡安置不了肉身。游戏里滚动千句抱歉，现实中只剩沉默。火车停运飞机晚点，现实黑白回忆彩色，最难是不负此生。,还行,2018-05-01
60,有匪君子, ,刘若英实在是太让人惊喜的导演，全篇架构简单却感情真挚细腻，更难得的是在前任的故事再加入了长辈的视角，全篇都没有《后来》反而是一些街角流浪歌手的民谣，好好听，票房超不过前任3我真的要气气气死了！,力荐,2018-04-27
61,法兰西胶片,北京,7分，文本底子不算创新，三幕的时间感也略统一，但情感始终是沉甸甸的，多次打破小生光圈，能看到刘若英还是有导演意识的。这是40岁后的她，在努力和40岁前的自己保持距离。2007年恰好也是我关键10年的开始，那一年的一系列波折，我决定不再做导演梦，改入编辑部，只与文字为伍。,推荐,2018-04-23
62,眠去,山东青岛,"i miss you, i missed you. 田壮壮才是电影的镇海魂啊。“缘分这事，只要不负对方就好，不负此生，太难了……”人生，全在这封信里了。",还行,2018-04-28
63,茶不思, ,"奶茶的少女心太尬了。男女主无论什么情况下都能突然开启青春疼痛对白。
怕是对能火的网游有什么误解，整个网吧都在打纪念碑谷。。。。
井柏然很赞！！！！！！！！！！
最后，对不起，还有，谢谢你，你比北京美

哈哈哈，感觉最感人的地方是片尾出现的北京站，总是能想起在那里送走的人。",还行,2018-04-28
64,菲菲不停问我,北京,看的尴尬癌发作。,很差,2018-04-28
65,uncanny1993, ,今天看的点映，真的非常好看，简直满分。刘若英第一次导演就有这么好的作品，真的让人喜出望外。,力荐,2018-04-27
66,无耻不混蛋,北京,这是一部拍给所有异乡人看的电影。等了这么多年，终于等来这样的电影。它关乎爱情，却又不仅仅只是爱情，还有怎么也逃不走、化不开的亲情。它告诉我们，什么叫“家人”，什么叫“家”。正是因为“羁绊”与“牵挂”。没了“你”，还有“我”吗？或许所有的“前任”，都是我们永远无法抵达的“乌托邦”。,推荐,2018-04-23
67,大奇特(Grinch),北京,低配版甜蜜蜜，纽约梦变北漂梦，邓丽君变盗版盘，一趟火车，彩色黑白,null,2018-04-23
68,frozenmoon,北京,不知道多少人看过网飞出品的《蓝色杰伊》，这故事确实让我想起那部有关重逢和错失的电影，同样的黑白影调，同样的当下和过去之间的交缠。如果说哪里不好，或许在出租车上向北京喊话的桥段太尴尬，或许男孩儿最后的成功太浮夸，但细节和情感都还好，带着真实生活的蒸汽和茸毛。,推荐,2018-04-28
69,西楼尘,江苏苏州,上九天揽月不难，难的是踏进的车厢没有你；下五洋捉鳖不怕，怕的是后来的结局没有我。我戴上自尊的假发，回到故乡换不回尊重；你留恋幸福的沙发，来到他乡弄丢了幸福。故乡容纳不了灵魂，他乡安置不了肉身。游戏里滚动千句抱歉，现实中只剩沉默。火车停运飞机晚点，现实黑白回忆彩色，最难是不负此生。,还行,2018-05-01
70,王大根,北京,是《七月与安生》那挂的文艺片，看的时候边上一堆东北大姐在那里泣不成声……前半部：我日井柏然太帅了吧想跟他在隔断房里疯狂做爱了；后半部：追梦男孩不能沾不能沾，长井柏然那样都不行！男主最后成功的那个游戏核心创意根本就是抄Love You To Bits 的吧……,还行,2018-04-28
71,夏蝉x, ,讲真，营销得有点过了，当质量配不上期望值时就挺要命，剧情中规中矩，程式化的北漂没什么亮点，周冬雨的演员人设看多了有些腻，从捉妖记开始就get不到井柏然的演技。不过还是很服奶茶的号召力的……,较差,2018-04-28
72,杨大志°,北京,三观奇葩，剧情矫情，能不能有点创新不要那么俗气。,很差,2018-04-28
73,瓜-茜-茜, ,电影和人生都以余味定输赢,较差,2018-04-27
74,青葱无觅, ,周冬雨的演技毋庸置疑但井柏然却惊艳到我了他真的就是见请,力荐,2018-04-28
75,金正峰江湖骗子,关注此人,看到男主都结婚了还。。我真是惊呆了。。大概已经过了年龄，对所谓唯一真爱的说法只觉得矫情死了,很差,2018-04-28
76,紫苏,湖南长沙,奶茶是个好演员好歌手可不是个好导演，剧情太缓慢了，非常矫情和作。三观不正，男主结婚了还要和女主纠缠？电影完全不能说服我接受这种三观，报a片女优名真的很猥琐。,很差,2018-04-28
77,九只苍蝇撞墙,"Montréal, Canada",虽然不确认和现实中的北漂是否有对等的映照关系，但是这二人起码谈了大陆电影里让人感到有趣的一段恋爱。只是最后不可避免地觉得周冬雨爱上的是田壮壮。,还行,2018-04-28
78,郁闷的天空, ,井柏然的表演值5星,力荐,2018-04-28
79,Pulvinus,上海,还不如郭敬明的小时代。“我觉得你是我见过最特别的女孩，你会打牌，会喝酒还会骂人。”——长鸡巴的大屌萌妹了解一下，更特别的女孩。,较差,2018-04-29
80,王大根,北京,是《七月与安生》那挂的文艺片，看的时候边上一堆东北大姐在那里泣不成声……前半部：我日井柏然太帅了吧想跟他在隔断房里疯狂做爱了；后半部：追梦男孩不能沾不能沾，长井柏然那样都不行！男主最后成功的那个游戏核心创意根本就是抄Love You To Bits 的吧……,还行,2018-04-28
81,夏蝉x, ,讲真，营销得有点过了，当质量配不上期望值时就挺要命，剧情中规中矩，程式化的北漂没什么亮点，周冬雨的演员人设看多了有些腻，从捉妖记开始就get不到井柏然的演技。不过还是很服奶茶的号召力的……,较差,2018-04-28
82,杨大志°,北京,三观奇葩，剧情矫情，能不能有点创新不要那么俗气。,很差,2018-04-28
83,瓜-茜-茜, ,电影和人生都以余味定输赢,较差,2018-04-27
84,青葱无觅, ,周冬雨的演技毋庸置疑但井柏然却惊艳到我了他真的就是见请,力荐,2018-04-28
85,金正峰江湖骗子,关注此人,看到男主都结婚了还。。我真是惊呆了。。大概已经过了年龄，对所谓唯一真爱的说法只觉得矫情死了,很差,2018-04-28
86,紫苏,湖南长沙,奶茶是个好演员好歌手可不是个好导演，剧情太缓慢了，非常矫情和作。三观不正，男主结婚了还要和女主纠缠？电影完全不能说服我接受这种三观，报a片女优名真的很猥琐。,很差,2018-04-28
87,九只苍蝇撞墙,"Montréal, Canada",虽然不确认和现实中的北漂是否有对等的映照关系，但是这二人起码谈了大陆电影里让人感到有趣的一段恋爱。只是最后不可避免地觉得周冬雨爱上的是田壮壮。,还行,2018-04-28
88,郁闷的天空, ,井柏然的表演值5星,力荐,2018-04-28
89,Pulvinus,上海,还不如郭敬明的小时代。“我觉得你是我见过最特别的女孩，你会打牌，会喝酒还会骂人。”——长鸡巴的大屌萌妹了解一下，更特别的女孩。,较差,2018-04-29
90,纤纤,天津,提前营销的有点过，扣一星，青春主题不要过多营销情怀，虽然人人都会经历，但是难以找到共鸣不会给电影加分的，还是好好加强故事性吧，演员表现不功不过。,较差,2018-04-28
91,盲忙,北京,不止是一个爱情故事，而是追梦过程中的得到与失去，与人生的大是大非相比，爱情是那么微不足道，却又弥足珍贵啊，它发生在特定的时间，地方和特定的人身上，哪一个不对都不行啊。除了周冬雨最后的选择之外，没有太多戏剧化的处理，但也正因为这个不同寻常的选择，将整个文本升华了。,推荐,2018-04-24
92,乌鸦火堂,北京,“幸福不是故事，不幸才是”。演员、情感、细节、台词等完全到位，故事就弱了，缺乏因果关系，前半段与后20分钟极佳，中段冗长略矫情，但还是会被感动，情绪渲染到位，追梦中的得与失，绕不开的爱情，永留遗憾的亲情，周冬雨一如既往的赞，奶茶当导演有潜力，最爆裂一击来自田壮壮，这位可拿影帝,还行,2018-04-24
93,翻滚吧！蛋堡,北京,田壮壮老师连续发催泪大招，简直不给金士杰留活路,还行,2018-04-28
94,顾詞,"Dublin (Baile Átha Cliath), Ireland",有点失望，故事情节很弱，不连贯，起伏不大，剪辑混乱，无非还是一部营销情怀的电影。,较差,2018-04-28
95,牧羊女孩,北京,这部电影三观不是很正，男主这么作真的好么,较差,2018-04-28
96,邓安庆,北京,感觉有点冗长，也可以不用这么煽情。演员是合格的。,还行,2018-04-28
97,S@m,上海,奶茶导演处女作，中规中矩，说走心或者矫情都行，每个经历不同的人能从中找到自己感动的点。周冬雨一如既往挥洒自如，井宝表演加一星！故事是好故事，只是过了那个年纪，哭不出来啊，唉～ 4,推荐,2018-04-27
98,张小文的女友, ,电影还可以……可背后的运作比电影更有趣。,还行,2018-04-28
99,樹,四川成都,刘若英一心想拍一部中国版的《一天》，借用《春光》的房间色调，从人设到主题的设定，甚至直接套用《一天》的电影配乐，复调式叙事片段让后半部分剧情很幼稚，像个大型mv，（我几乎完全无法进入剧情）坐在我身边的少年低头哭了。,还行,2018-04-27
100,纤纤,天津,提前营销的有点过，扣一星，青春主题不要过多营销情怀，虽然人人都会经历，但是难以找到共鸣不会给电影加分的，还是好好加强故事性吧，演员表现不功不过。,较差,2018-04-28
101,盲忙,北京,不止是一个爱情故事，而是追梦过程中的得到与失去，与人生的大是大非相比，爱情是那么微不足道，却又弥足珍贵啊，它发生在特定的时间，地方和特定的人身上，哪一个不对都不行啊。除了周冬雨最后的选择之外，没有太多戏剧化的处理，但也正因为这个不同寻常的选择，将整个文本升华了。,推荐,2018-04-24
102,乌鸦火堂,北京,“幸福不是故事，不幸才是”。演员、情感、细节、台词等完全到位，故事就弱了，缺乏因果关系，前半段与后20分钟极佳，中段冗长略矫情，但还是会被感动，情绪渲染到位，追梦中的得与失，绕不开的爱情，永留遗憾的亲情，周冬雨一如既往的赞，奶茶当导演有潜力，最爆裂一击来自田壮壮，这位可拿影帝,还行,2018-04-24
103,翻滚吧！蛋堡,北京,田壮壮老师连续发催泪大招，简直不给金士杰留活路,还行,2018-04-28
104,顾詞,"Dublin (Baile Átha Cliath), Ireland",有点失望，故事情节很弱，不连贯，起伏不大，剪辑混乱，无非还是一部营销情怀的电影。,较差,2018-04-28
105,牧羊女孩,北京,这部电影三观不是很正，男主这么作真的好么,较差,2018-04-28
106,邓安庆,北京,感觉有点冗长，也可以不用这么煽情。演员是合格的。,还行,2018-04-28
107,S@m,上海,奶茶导演处女作，中规中矩，说走心或者矫情都行，每个经历不同的人能从中找到自己感动的点。周冬雨一如既往挥洒自如，井宝表演加一星！故事是好故事，只是过了那个年纪，哭不出来啊，唉～ 4,推荐,2018-04-27
108,张小文的女友, ,电影还可以……可背后的运作比电影更有趣。,还行,2018-04-28
109,樹,四川成都,刘若英一心想拍一部中国版的《一天》，借用《春光》的房间色调，从人设到主题的设定，甚至直接套用《一天》的电影配乐，复调式叙事片段让后半部分剧情很幼稚，像个大型mv，（我几乎完全无法进入剧情）坐在我身边的少年低头哭了。,还行,2018-04-27
110,三水涵, ,看电影真的是一件太个人太感性的事 实实在在地被戳中了 就算有瑕疵 也没办法说不好,推荐,2018-04-28
111,尾巴翘到天上了,上海,"为了情怀和周冬雨去看的，略失望。歌曲还不错。
但是！男女主人设都太烂了吧？总体来说三观有问题吧？卖情怀就可以三观不正了？服了服了。",较差,2018-04-28
112,尼日利亚黑珍珠,辽宁大连,男主你这样对得起你现任吗？！这种伪文艺爱情电影我一向欣赏不来，情怀我也没有，有点浪费票钱和我两个小时的时间,很差,2018-04-28
113,ck, ,就是说恋爱不能太作  没准作着作着就死了  一星给电影原声  一星给爸爸  感觉结尾爸爸的信那里要哭瞎了,较差,2018-04-28
114,樂安,广东广州,这电影三观不正，有些台词真的好尴尬。,较差,2018-04-28
115,胤祥,北京,7分妥妥的。周冬雨迄今最佳状态了吧，角色写的好，演得更好。刘若英做导演就是自带剧透😂。最佳前女友之外不忘占个亲情戏。宾哥很卖力。黑白段落比较符合刘若英气质，歌太多，结尾崩了。拿「如果爱」或者「相爱相亲」做参考系的话，如果真的是刘若英本人把北漂题材拿捏得这么地道，那真是天才了。,推荐,2018-04-28
116,所有团的团长,北京,还有半个小时的时候，我身边走了两对情侣，其中一个嘟囔了一句实在看不下去了。全场也没看谁哭了。我就不从技术角度评论这片子了。希望以后各位豆瓣大v接单时候还是稍微看下影片质量。,很差,2018-04-28
117,小烨,北京,就算重回十年前，明知道要错过，我也依然会爱上你。,力荐,2018-04-18
118,Keisuke, ,十分矫情造作俗套，现在无论是主持人歌手还是写小说的纷纷卖情怀导起电影来，但确实离专业导演仍有很大距离。,较差,2018-04-28
119,痞影人科莱昂,北京,“朋友圈屏射杯”专用电影，前任片能卖到这个地步也就在天朝能出现吧，这都连着第几部了。剧本水准甚至都比不上中学时在读者意林格言上读过的那些个北漂（爱情）文，中间黑白部分点题那段简直笑出声；廉价的共情是挺轻而易举的，也证明编导确实挺没骨气的。周冬雨生涯最佳？你一直演这种角色你也能佳。,较差,2018-04-30
120,三水涵, ,看电影真的是一件太个人太感性的事 实实在在地被戳中了 就算有瑕疵 也没办法说不好,推荐,2018-04-28
121,尾巴翘到天上了,上海,"为了情怀和周冬雨去看的，略失望。歌曲还不错。
但是！男女主人设都太烂了吧？总体来说三观有问题吧？卖情怀就可以三观不正了？服了服了。",较差,2018-04-28
122,尼日利亚黑珍珠,辽宁大连,男主你这样对得起你现任吗？！这种伪文艺爱情电影我一向欣赏不来，情怀我也没有，有点浪费票钱和我两个小时的时间,很差,2018-04-28
123,ck, ,就是说恋爱不能太作  没准作着作着就死了  一星给电影原声  一星给爸爸  感觉结尾爸爸的信那里要哭瞎了,较差,2018-04-28
124,樂安,广东广州,这电影三观不正，有些台词真的好尴尬。,较差,2018-04-28
125,胤祥,北京,7分妥妥的。周冬雨迄今最佳状态了吧，角色写的好，演得更好。刘若英做导演就是自带剧透😂。最佳前女友之外不忘占个亲情戏。宾哥很卖力。黑白段落比较符合刘若英气质，歌太多，结尾崩了。拿「如果爱」或者「相爱相亲」做参考系的话，如果真的是刘若英本人把北漂题材拿捏得这么地道，那真是天才了。,推荐,2018-04-28
126,所有团的团长,北京,还有半个小时的时候，我身边走了两对情侣，其中一个嘟囔了一句实在看不下去了。全场也没看谁哭了。我就不从技术角度评论这片子了。希望以后各位豆瓣大v接单时候还是稍微看下影片质量。,很差,2018-04-28
127,小烨,北京,就算重回十年前，明知道要错过，我也依然会爱上你。,力荐,2018-04-18
128,Keisuke, ,十分矫情造作俗套，现在无论是主持人歌手还是写小说的纷纷卖情怀导起电影来，但确实离专业导演仍有很大距离。,较差,2018-04-28
129,痞影人科莱昂,北京,“朋友圈屏射杯”专用电影，前任片能卖到这个地步也就在天朝能出现吧，这都连着第几部了。剧本水准甚至都比不上中学时在读者意林格言上读过的那些个北漂（爱情）文，中间黑白部分点题那段简直笑出声；廉价的共情是挺轻而易举的，也证明编导确实挺没骨气的。周冬雨生涯最佳？你一直演这种角色你也能佳。,较差,2018-04-30
130,JulyChan,湖北武汉,情节是攒出来的网络过气金句配乐朗诵，特别绿，绿茶的绿，绿帽的绿。我十几岁时很吃刘若英那套矫情别扭作，可人总会长到对陈年旧事、虚无伤感排毒免疫，她还是几十年如一日矫情别扭作，这种心理冻龄委实壮观。人多情是好的，温柔可爱，可一旦情多到滥，就过分自恋还缺爱，三流角色一流内心戏，挺狼狈的,很差,2018-04-29
131,吃瓜少年,浙江宁波,又一部营销情怀的国产电影圈钱成功……,很差,2018-04-28
132,把噗,北京,苍白无力的文本，几乎所有设计都源自浅薄又刻意的想象，一幅为外省小镇青年量身定做的“北漂”图景。要爱情没爱情，要北京没北京，要奋斗没奋斗……剩下一点亲情也只发生在田和周之间。最好的应该是周冬雨吧，活脱脱一可爱的水瓶妹子。影像成色在那，幕后毕竟都是大佬；五位编剧应拉出去吊打，还五位！,较差,2018-04-28
133,新桥妖妖,北京,致青春后多少青春电影步其后尘，本来可以更好，情怀多了会廉价。,较差,2018-04-28
134,🍉西瓜瓜瓜瓜啊,陕西商洛,一般，剧情有点浮夸。演员演技不功不过。小黄鸭比较好点,较差,2018-04-28
135,drmfslxd, ,能够不负对方就已经很好了，不负这一生太难了。,推荐,2018-04-28
136,动力大火车, ,影片是奶茶跨界拍的电影，感觉就是她唱的那首歌“后来”的故事版。常规的情节，常规的带入，情节唐突，转换太快，不是很流畅，也不紧凑。女主角不入戏！总之，非常不推荐，国产电影还有很长的路要走！,很差,2018-04-28
137,美神经,重庆,天哪，和朋友冲着刘若英的名号去的，总感觉不会太差。咳，结果没看到一半，朋友就说以后都不会看这种打着文艺旗号实属烂心的影片了，28块还不如去吃。。。,较差,2018-04-28
138,不良生,江苏南京,后来他们大抵各自去过很多地方，遇见过很多人，看过很多风景，吃过很多美食。——但，统统都没有初时挤在蹩脚小租屋里的最后那一锅煮面更好吃了。,还行,2018-04-28
139,巴啦啦小魔仙,北京,良心自问这垃圾片都做了什么黑心勾当，吸毒张一白和小三刘若英退票坑电影院方和观众！在国外早就商业欺诈坐牢了！犹如单纯做作的外表下藏着一颗烂掉的心。,很差,2018-04-29
140,JulyChan,湖北武汉,情节是攒出来的网络过气金句配乐朗诵，特别绿，绿茶的绿，绿帽的绿。我十几岁时很吃刘若英那套矫情别扭作，可人总会长到对陈年旧事、虚无伤感排毒免疫，她还是几十年如一日矫情别扭作，这种心理冻龄委实壮观。人多情是好的，温柔可爱，可一旦情多到滥，就过分自恋还缺爱，三流角色一流内心戏，挺狼狈的,很差,2018-04-29
141,吃瓜少年,浙江宁波,又一部营销情怀的国产电影圈钱成功……,很差,2018-04-28
142,把噗,北京,苍白无力的文本，几乎所有设计都源自浅薄又刻意的想象，一幅为外省小镇青年量身定做的“北漂”图景。要爱情没爱情，要北京没北京，要奋斗没奋斗……剩下一点亲情也只发生在田和周之间。最好的应该是周冬雨吧，活脱脱一可爱的水瓶妹子。影像成色在那，幕后毕竟都是大佬；五位编剧应拉出去吊打，还五位！,较差,2018-04-28
143,新桥妖妖,北京,致青春后多少青春电影步其后尘，本来可以更好，情怀多了会廉价。,较差,2018-04-28
144,🍉西瓜瓜瓜瓜啊,陕西商洛,一般，剧情有点浮夸。演员演技不功不过。小黄鸭比较好点,较差,2018-04-28
145,drmfslxd, ,能够不负对方就已经很好了，不负这一生太难了。,推荐,2018-04-28
146,动力大火车, ,影片是奶茶跨界拍的电影，感觉就是她唱的那首歌“后来”的故事版。常规的情节，常规的带入，情节唐突，转换太快，不是很流畅，也不紧凑。女主角不入戏！总之，非常不推荐，国产电影还有很长的路要走！,很差,2018-04-28
147,美神经,重庆,天哪，和朋友冲着刘若英的名号去的，总感觉不会太差。咳，结果没看到一半，朋友就说以后都不会看这种打着文艺旗号实属烂心的影片了，28块还不如去吃。。。,较差,2018-04-28
148,不良生,江苏南京,后来他们大抵各自去过很多地方，遇见过很多人，看过很多风景，吃过很多美食。——但，统统都没有初时挤在蹩脚小租屋里的最后那一锅煮面更好吃了。,还行,2018-04-28
149,巴啦啦小魔仙,北京,良心自问这垃圾片都做了什么黑心勾当，吸毒张一白和小三刘若英退票坑电影院方和观众！在国外早就商业欺诈坐牢了！犹如单纯做作的外表下藏着一颗烂掉的心。,很差,2018-04-29
150,余小岛,上海,至少自问了六次：这尼玛还没结束啊。。以及一退场就听说原来自己被资本当猴耍了。。,较差,2018-04-28
151,5863177,浙江宁波,张一白的监制，果然有烂片趋势。但是全靠两位演员演技撑住了。剧情太矫情了，如果奶茶的师父张艾嘉接住了大陆的地气，那奶茶可能是女性鸡汤公众号里的10W＋文章里认识的大陆。太作，太矫情，太不接地气。但是鼓励一下，及格吧！,还行,2018-04-28
152,Neroat, ,被奶茶粉朋友拉着看完。周冬雨和井柏然两人互动嘴碎的剧情让我看到了中餐厅和花少的影子，基本可以说是本色出演，演技没有突破，周冬雨只能演这类角色参考七月安生。剧情一般，略墨迹，两人台词功底不行，有的台词很尬，尤其男女主喊愿望的时候。不是奶茶粉没有情怀，感觉这种类型的片子很多，不出彩。,较差,2018-04-28
153,11®,Cocos Islands,电影结尾彩蛋里举着牌子悼念前任的那些路人，是「后来」都没有找到对象吗？还是压根不管现任想什么？,null,2018-05-03
154,肖恩恩恩恩肖,上海,6.5恰如其分了。剧本太一般，像缺氧版的lala land，让人在压抑中担心这个故事到哪口气会喘不上来。但表演却有8分，而表演分的80%又要归功给周冬雨。时灵时不灵的周冬雨，居然又一次，扛起了一部电影。。。,还行,2018-04-28
155,内陆飞鱼,云南昆明,台湾电影人在浮躁的大陆电影圈没有盲目和迷失，一直观察大陆的变化，用他们的细致认真，去拍多数人的生活，张艾嘉《相爱相亲》，邓勇星《到阜阳六百里》，奶茶《后来的我们》等等，用这样讲普通人，讲日常生活的电影，把我们拽回了脚下生活的城市与土地。,推荐,2018-04-29
156,蒜蓉粉丝蒸扇贝,"Toronto, Canada",我们的电影什么时候能摆脱卖情怀？情怀＋文艺＋爱情的这种片子真是太泛滥了。,较差,2018-04-28
157,掉线,北京,【C】角色讲话跟念诗似的，日常里谁不说“我们后来”硬要倒装成“后来的我们”啊？还动不动对仗，多亏两位表演自然的青年演员才抹掉了电影很大一部分做作。情节都是没有真情实感的符号，真情实感时又太过刻意。本片最大意义，也就是为女大学生的朋友圈和微博又贡献了可搭配自拍的文案新素材。,还行,2018-04-30
158,claire0209, ,也太做作了吧,很差,2018-04-28
159,ice bear, ,很难认同电影里的三观，在我看来黑白那段真的是又多余又矫情。本来就是卖情怀的片子，本来要求就很低，可能还是能戳到一些有故事的同学，想打两星的，加一星给彩蛋，彩蛋最好看。,还行,2018-04-29
160,余小岛,上海,至少自问了六次：这尼玛还没结束啊。。以及一退场就听说原来自己被资本当猴耍了。。,较差,2018-04-28
161,5863177,浙江宁波,张一白的监制，果然有烂片趋势。但是全靠两位演员演技撑住了。剧情太矫情了，如果奶茶的师父张艾嘉接住了大陆的地气，那奶茶可能是女性鸡汤公众号里的10W＋文章里认识的大陆。太作，太矫情，太不接地气。但是鼓励一下，及格吧！,还行,2018-04-28
162,Neroat, ,被奶茶粉朋友拉着看完。周冬雨和井柏然两人互动嘴碎的剧情让我看到了中餐厅和花少的影子，基本可以说是本色出演，演技没有突破，周冬雨只能演这类角色参考七月安生。剧情一般，略墨迹，两人台词功底不行，有的台词很尬，尤其男女主喊愿望的时候。不是奶茶粉没有情怀，感觉这种类型的片子很多，不出彩。,较差,2018-04-28
163,11®,Cocos Islands,电影结尾彩蛋里举着牌子悼念前任的那些路人，是「后来」都没有找到对象吗？还是压根不管现任想什么？,null,2018-05-03
164,肖恩恩恩恩肖,上海,6.5恰如其分了。剧本太一般，像缺氧版的lala land，让人在压抑中担心这个故事到哪口气会喘不上来。但表演却有8分，而表演分的80%又要归功给周冬雨。时灵时不灵的周冬雨，居然又一次，扛起了一部电影。。。,还行,2018-04-28
165,内陆飞鱼,云南昆明,台湾电影人在浮躁的大陆电影圈没有盲目和迷失，一直观察大陆的变化，用他们的细致认真，去拍多数人的生活，张艾嘉《相爱相亲》，邓勇星《到阜阳六百里》，奶茶《后来的我们》等等，用这样讲普通人，讲日常生活的电影，把我们拽回了脚下生活的城市与土地。,推荐,2018-04-29
166,蒜蓉粉丝蒸扇贝,"Toronto, Canada",我们的电影什么时候能摆脱卖情怀？情怀＋文艺＋爱情的这种片子真是太泛滥了。,较差,2018-04-28
167,掉线,北京,【C】角色讲话跟念诗似的，日常里谁不说“我们后来”硬要倒装成“后来的我们”啊？还动不动对仗，多亏两位表演自然的青年演员才抹掉了电影很大一部分做作。情节都是没有真情实感的符号，真情实感时又太过刻意。本片最大意义，也就是为女大学生的朋友圈和微博又贡献了可搭配自拍的文案新素材。,还行,2018-04-30
168,claire0209, ,也太做作了吧,很差,2018-04-28
169,ice bear, ,很难认同电影里的三观，在我看来黑白那段真的是又多余又矫情。本来就是卖情怀的片子，本来要求就很低，可能还是能戳到一些有故事的同学，想打两星的，加一星给彩蛋，彩蛋最好看。,还行,2018-04-29
170,欢乐分裂,上海,2.5；以过年为主线的十年流离，感人之处都出于「回家」与「漂泊」的乡愁离绪，可惜被爱情戏吞噬得太单薄；幸福的标准未必不是物质，精神同步与自我认知则更重要，无疾而终的感情何必再见，我从这个城市的这个地方一百次走过，从不会幻想重逢的尴尬；剧本太碎难以成戏，奶茶大型怀旧mv集合。,还行,2018-04-28
171,梅山君,Christmas Islands,看完电影很难受，眼泪止不住的流。两个人分手不需要什么狗血的理由，残酷的现实足矣分开相爱的人。见清和小晓的后来，也是我们的后来。,力荐,2018-04-23
172,孟浪,甘肃兰州,“得先让豪绅出钱，带着百姓捐钱，豪绅捐了，百姓才会跟着捐，钱到手后，豪绅的钱如数奉还，百姓的钱，三七分账。”《后来的我们》成功的演绎了什么叫做空手套白狼和涸泽而渔。刘若英、张一白、王长田之流都应该钉在中国电影史的耻辱柱上。,很差,2018-04-29
173,萨库拉,香港,恋爱部分细腻准确，分手部分不痛不痒，现在时部分本该举重若轻，但却用力过度，所以后半急转直下。我欣赏它向现实的努力靠近，但反感满嘴“北京北京”的计算。跟《甜蜜蜜》大概还差五个《如果爱》吧。,还行,2018-04-28
174,多啦小桃,浙江杭州,"刘若英是让我们看多段MTV。
我带了纸巾帽子口罩，准备被感动个三百回合，我的确哭了，并非因为男女主角哭的，是因为男主他爸眼瞎了还要给女主写信哭了。
朋友一直在说怎么还没放完，边上有个兄弟打呼了，我一直在说快亲啊快睡啊快分啊。
高分打给摄影。
推荐给对前任抱有幻想的你们。",还行,2018-04-28
175,威锐,四川成都,自认为是个泪点很高的人，却在看完《后来的我们》哭成了泪人，印象最深刻的是林父念给小晓写信的那一段，田壮壮老师将年迈老人对外出打拼子女的关怀和惦念表现的淋漓尽致，犹记当时电影院里全是啜泣声，“那些外卖能好吃吗？”外卖再美味也比不过家中一碗鸡蛋面，世界再大，也大不过家。,力荐,2018-04-28
176,huilin0815, ,虽然评分低 但我要给四分 我看懂了这部电影,推荐,2018-04-28
177,will,上海,缺点是后部分文学性太强，掩盖了那种微妙的关系。还有就是有点没收住。但是，即便我带着有色眼镜去看这部电影，也不得不说电影还是挺不错的。很多戏份很感人，不仅是文本上共鸣，手法上的成熟。然后很想说，田壮壮，周冬雨，井柏然，真的演得非常棒。,推荐,2018-04-28
178,男娼起义,关注此人,这些年来 有没有人能让你不再作,null,2018-04-23
179,梁慕橙,北京,浓缩了现在的我们,较差,2018-04-28
180,欢乐分裂,上海,2.5；以过年为主线的十年流离，感人之处都出于「回家」与「漂泊」的乡愁离绪，可惜被爱情戏吞噬得太单薄；幸福的标准未必不是物质，精神同步与自我认知则更重要，无疾而终的感情何必再见，我从这个城市的这个地方一百次走过，从不会幻想重逢的尴尬；剧本太碎难以成戏，奶茶大型怀旧mv集合。,还行,2018-04-28
181,梅山君,Christmas Islands,看完电影很难受，眼泪止不住的流。两个人分手不需要什么狗血的理由，残酷的现实足矣分开相爱的人。见清和小晓的后来，也是我们的后来。,力荐,2018-04-23
182,孟浪,甘肃兰州,“得先让豪绅出钱，带着百姓捐钱，豪绅捐了，百姓才会跟着捐，钱到手后，豪绅的钱如数奉还，百姓的钱，三七分账。”《后来的我们》成功的演绎了什么叫做空手套白狼和涸泽而渔。刘若英、张一白、王长田之流都应该钉在中国电影史的耻辱柱上。,很差,2018-04-29
183,萨库拉,香港,恋爱部分细腻准确，分手部分不痛不痒，现在时部分本该举重若轻，但却用力过度，所以后半急转直下。我欣赏它向现实的努力靠近，但反感满嘴“北京北京”的计算。跟《甜蜜蜜》大概还差五个《如果爱》吧。,还行,2018-04-28
184,多啦小桃,浙江杭州,"刘若英是让我们看多段MTV。
我带了纸巾帽子口罩，准备被感动个三百回合，我的确哭了，并非因为男女主角哭的，是因为男主他爸眼瞎了还要给女主写信哭了。
朋友一直在说怎么还没放完，边上有个兄弟打呼了，我一直在说快亲啊快睡啊快分啊。
高分打给摄影。
推荐给对前任抱有幻想的你们。",还行,2018-04-28
185,威锐,四川成都,自认为是个泪点很高的人，却在看完《后来的我们》哭成了泪人，印象最深刻的是林父念给小晓写信的那一段，田壮壮老师将年迈老人对外出打拼子女的关怀和惦念表现的淋漓尽致，犹记当时电影院里全是啜泣声，“那些外卖能好吃吗？”外卖再美味也比不过家中一碗鸡蛋面，世界再大，也大不过家。,力荐,2018-04-28
186,huilin0815, ,虽然评分低 但我要给四分 我看懂了这部电影,推荐,2018-04-28
187,will,上海,缺点是后部分文学性太强，掩盖了那种微妙的关系。还有就是有点没收住。但是，即便我带着有色眼镜去看这部电影，也不得不说电影还是挺不错的。很多戏份很感人，不仅是文本上共鸣，手法上的成熟。然后很想说，田壮壮，周冬雨，井柏然，真的演得非常棒。,推荐,2018-04-28
188,男娼起义,关注此人,这些年来 有没有人能让你不再作,null,2018-04-23
189,梁慕橙,北京,浓缩了现在的我们,较差,2018-04-28
190,大熊, ,不出意外又是一部大烂片,很差,2018-05-20
191,CyberKnight电子骑士,北京,三星半。吸引我的不是对爱情的描绘，而是北京巨大的背景。故事讲得很细腻，细节丰盈，尽管有点煽情，个别地方略让人跳戏（比如两人车上的哭戏），但总体并不浮夸，有现实的指向性，已经比大多国产爱情片扎实了。男女主角和田壮壮表演都很不错！如果言情戏再少点，逻辑更完善，主题再深入点就很出色了。,还行,2018-04-28
192,薇羅尼卡,广东广州,意料之外的好看，也真的被击中了，因为这就是年轻贫穷时的爱情的样子呀！出租屋的细节很真实，周冬雨还是很好，井柏然意外演技上线。那个时候错过的人，也就真的一辈子错过了吧。希望后来的我们，一切都好。,推荐,2018-04-30
193,森, ,印证着哪句老话：贫贱夫妻百事哀。,推荐,2018-04-28
194,杨清宇,四川成都,叹为观止的营销胜利，观影过程犹如被一双黑手掰开嘴灌下几十篇100000+爆款文，每当两位主角在他们的甜蜜与争吵间隙说出为观众量身定做的“金句”，都令我怀疑生活本来的面目。实在看不到几个带有电影意识的设计，可惜了强大的幕后团队。能不能大爆不好说，对于小镇青年本片还是过于“文艺”了。,较差,2018-04-28
195,Luc,"Paris, France",影片就是那句歌词嘛，“有些人一旦错过就不再”，北漂，前任，大概是所有在远方打拼的年轻人的青春共鸣，奶茶能拍出生活中的真实感，遗憾和怅然，很难得。,推荐,2018-04-28
196,马达,北京,不懂如何去爱的年龄，遇到了一个爱的人,推荐,2018-05-05
197,雾,北京,深夜回家都打不起车的人，有什么资格谈恋爱啊？两个什么都没有，只能从彼此身上索取的人，能付出什么爱情呢？跟活下去比起来，爱情实在是不算一件事。,较差,2018-04-29
198,肖浑,河南信阳,竟然还不错，除了后面啰嗦了点儿没啥大毛病，本来觉得价值观俗气结尾也掰过来了。对北京的执念，是很傻，但也依然是一大群人普遍的现实。周冬雨延续前几部戏路，井柏然也很好。,推荐,2018-04-29
199,李白,四川成都,片方太恶心，先买票骗排片再退票骚操作，简直商业诈骗，四星改一星不谢。,很差,2018-04-28
200,大熊, ,不出意外又是一部大烂片,很差,2018-05-20
201,CyberKnight电子骑士,北京,三星半。吸引我的不是对爱情的描绘，而是北京巨大的背景。故事讲得很细腻，细节丰盈，尽管有点煽情，个别地方略让人跳戏（比如两人车上的哭戏），但总体并不浮夸，有现实的指向性，已经比大多国产爱情片扎实了。男女主角和田壮壮表演都很不错！如果言情戏再少点，逻辑更完善，主题再深入点就很出色了。,还行,2018-04-28
202,薇羅尼卡,广东广州,意料之外的好看，也真的被击中了，因为这就是年轻贫穷时的爱情的样子呀！出租屋的细节很真实，周冬雨还是很好，井柏然意外演技上线。那个时候错过的人，也就真的一辈子错过了吧。希望后来的我们，一切都好。,推荐,2018-04-30
203,森, ,印证着哪句老话：贫贱夫妻百事哀。,推荐,2018-04-28
204,杨清宇,四川成都,叹为观止的营销胜利，观影过程犹如被一双黑手掰开嘴灌下几十篇100000+爆款文，每当两位主角在他们的甜蜜与争吵间隙说出为观众量身定做的“金句”，都令我怀疑生活本来的面目。实在看不到几个带有电影意识的设计，可惜了强大的幕后团队。能不能大爆不好说，对于小镇青年本片还是过于“文艺”了。,较差,2018-04-28
205,Luc,"Paris, France",影片就是那句歌词嘛，“有些人一旦错过就不再”，北漂，前任，大概是所有在远方打拼的年轻人的青春共鸣，奶茶能拍出生活中的真实感，遗憾和怅然，很难得。,推荐,2018-04-28
206,马达,北京,不懂如何去爱的年龄，遇到了一个爱的人,推荐,2018-05-05
207,雾,北京,深夜回家都打不起车的人，有什么资格谈恋爱啊？两个什么都没有，只能从彼此身上索取的人，能付出什么爱情呢？跟活下去比起来，爱情实在是不算一件事。,较差,2018-04-29
208,肖浑,河南信阳,竟然还不错，除了后面啰嗦了点儿没啥大毛病，本来觉得价值观俗气结尾也掰过来了。对北京的执念，是很傻，但也依然是一大群人普遍的现实。周冬雨延续前几部戏路，井柏然也很好。,推荐,2018-04-29
209,李白,四川成都,片方太恶心，先买票骗排片再退票骚操作，简直商业诈骗，四星改一星不谢。,很差,2018-04-28
210,安德烈大叔,北京,预售作假蹭排片，故事烂俗且难看，投机取巧贩北漂，矫情空洞如奶茶。,很差,2018-04-30
211,刘教练,上海,国产青春片定律之分手定律：两个人在一起的时候又穷又苦，一旦分手，其中至少一方马上飞黄腾达，事业有成。所以奉劝各位多谈恋爱多分手，分一次手就获得一次成功，多分几次就能迅速实现阶层跨越。,较差,2018-04-28
212,末摘花,福建福州,虽然三观不正但演员们真的不错……,较差,2018-05-01
213,柠檬海盐🐰,Andorra,两颗星够了,较差,2018-04-29
214,Morning,北京,两星半。人物很单薄，除了成为讲出后来的我们不一样的功用之外几乎是没有别的东西了。苦和惨都不能成为绝对的内容，人和情感是流动的，是要变化着。两位演员越往后越hold不住，到了重场戏关口，那场文艺腔浓重的点题戏时，更加是很可怕的表演，在苦面前需要的不是哭，岁月是有打磨感的，不是催泪瓦斯。,较差,2018-04-29
215,洪美丽, ,错过不是过错，最戳我泪点的可能是见清爸爸了  承包了我全程的眼泪。,还行,2018-04-28
216,blossom,"Los Angeles, United States",可能那些痛彻心扉爱过一场的人才会有感悟吧,很差,2018-04-28
217,乔息,北京,主题就是：前任好，谁都比不了,还行,2018-04-28
218,Nina, ,不明白，女主后来为啥没和男主在一起，她到底要啥？,推荐,2018-04-28
219,时间之葬,北京,说是有生活，但是多半还是被符号化了的想象中的生活，和普通人真正的生活，到底是差了一些更平实却温柔的东西。这种东西，只有田壮壮的父亲角色身上存在，好在他的存在，多少把这一点传递给了两位主角,还行,2018-04-27
220,安德烈大叔,北京,预售作假蹭排片，故事烂俗且难看，投机取巧贩北漂，矫情空洞如奶茶。,很差,2018-04-30
221,刘教练,上海,国产青春片定律之分手定律：两个人在一起的时候又穷又苦，一旦分手，其中至少一方马上飞黄腾达，事业有成。所以奉劝各位多谈恋爱多分手，分一次手就获得一次成功，多分几次就能迅速实现阶层跨越。,较差,2018-04-28
222,末摘花,福建福州,虽然三观不正但演员们真的不错……,较差,2018-05-01
223,柠檬海盐🐰,Andorra,两颗星够了,较差,2018-04-29
224,Morning,北京,两星半。人物很单薄，除了成为讲出后来的我们不一样的功用之外几乎是没有别的东西了。苦和惨都不能成为绝对的内容，人和情感是流动的，是要变化着。两位演员越往后越hold不住，到了重场戏关口，那场文艺腔浓重的点题戏时，更加是很可怕的表演，在苦面前需要的不是哭，岁月是有打磨感的，不是催泪瓦斯。,较差,2018-04-29
225,洪美丽, ,错过不是过错，最戳我泪点的可能是见清爸爸了  承包了我全程的眼泪。,还行,2018-04-28
226,blossom,"Los Angeles, United States",可能那些痛彻心扉爱过一场的人才会有感悟吧,很差,2018-04-28
227,乔息,北京,主题就是：前任好，谁都比不了,还行,2018-04-28
228,Nina, ,不明白，女主后来为啥没和男主在一起，她到底要啥？,推荐,2018-04-28
229,时间之葬,北京,说是有生活，但是多半还是被符号化了的想象中的生活，和普通人真正的生活，到底是差了一些更平实却温柔的东西。这种东西，只有田壮壮的父亲角色身上存在，好在他的存在，多少把这一点传递给了两位主角,还行,2018-04-27
230,高端电焊工阿信,山东临沂,"你与他人的关系，自己不用做主。他需索美，你即是美。他需索欲望，你是欲望。他需索爱，你已是爱。他需索隔离，便自此不相关。不必试图去改造自己或他人。你所能做的，是当一面清静的镜子，时时擦拭干净。让对方照出自己的影。影子走了，你还在。 
——《黄碧云：在清晨的咖啡香中醒来》",较差,2018-04-29
231,皮革业,北京,镜头一拉，给了个片场搭建的群租房大全景，俯瞰万家灯火芸芸众生，不仅风格跳线穿帮，也让创作者的姿态一下露了馅儿……,较差,2018-04-28
232,reneyoyo,北京,可以说每个在城市中漂泊的年轻人感情上都有过这样的片刻重叠,力荐,2018-04-28
233,帕拉多克斯,广东珠海,有形无实，只有壳的北漂故事纵使很煽情也还是空洞啊。建议刘若英多看几遍《少女小渔》。[C-],较差,2018-04-28
234,痕痕,湖北武汉,剪辑很乱，剧情不衔接，后面的剧情真心看不下去。,较差,2018-04-29
235,Cool.酷儿, ,"感谢奶导  给我们奉献了这么精彩的一部影片。
整个故事就像是人山人海中一个渺小的自己，每一个镜头每一句台词都能让你深深地回忆起自己的某一段曾经。电影的每一首主题曲都选的很好，在最后的陈奕迅的《我们》中落幕，每一位观众都或多或少有掉泪作为奶茶的第一部处女座电影，无疑是很成功的。",力荐,2018-04-27
236,突然粉碎,北京,故乡失去了我们，后来也没有了我们，真是一个好故事，阅片无数的林见清，为爱痴狂的方小晓，田壮壮老师压轴出场我一边默念我很好一边泣不成声，想给奶茶send一万颗心，才女人设不崩，真·表白神片，目测看完此片后民政局门口得排起长队，毕竟五一档（如果真心喜欢这个电影，千万不要看毁所有的片尾彩蛋,推荐,2018-04-23
237,Anita 煎酿三婶,上海,这片子是不是洗钱用的？,较差,2018-04-28
238,茹影随形,江苏苏州,完全引不起共鸣的我们。今天看到这电影的一系列动作，不给一星真说不过去啊。,很差,2018-04-29
239,大志的小耳朵,浙江杭州,空手套白狼，愚弄大众，恶心，中国电影的耻辱,很差,2018-04-30
240,高端电焊工阿信,山东临沂,"你与他人的关系，自己不用做主。他需索美，你即是美。他需索欲望，你是欲望。他需索爱，你已是爱。他需索隔离，便自此不相关。不必试图去改造自己或他人。你所能做的，是当一面清静的镜子，时时擦拭干净。让对方照出自己的影。影子走了，你还在。 
——《黄碧云：在清晨的咖啡香中醒来》",较差,2018-04-29
241,皮革业,北京,镜头一拉，给了个片场搭建的群租房大全景，俯瞰万家灯火芸芸众生，不仅风格跳线穿帮，也让创作者的姿态一下露了馅儿……,较差,2018-04-28
242,reneyoyo,北京,可以说每个在城市中漂泊的年轻人感情上都有过这样的片刻重叠,力荐,2018-04-28
243,帕拉多克斯,广东珠海,有形无实，只有壳的北漂故事纵使很煽情也还是空洞啊。建议刘若英多看几遍《少女小渔》。[C-],较差,2018-04-28
244,痕痕,湖北武汉,剪辑很乱，剧情不衔接，后面的剧情真心看不下去。,较差,2018-04-29
245,Cool.酷儿, ,"感谢奶导  给我们奉献了这么精彩的一部影片。
整个故事就像是人山人海中一个渺小的自己，每一个镜头每一句台词都能让你深深地回忆起自己的某一段曾经。电影的每一首主题曲都选的很好，在最后的陈奕迅的《我们》中落幕，每一位观众都或多或少有掉泪作为奶茶的第一部处女座电影，无疑是很成功的。",力荐,2018-04-27
246,突然粉碎,北京,故乡失去了我们，后来也没有了我们，真是一个好故事，阅片无数的林见清，为爱痴狂的方小晓，田壮壮老师压轴出场我一边默念我很好一边泣不成声，想给奶茶send一万颗心，才女人设不崩，真·表白神片，目测看完此片后民政局门口得排起长队，毕竟五一档（如果真心喜欢这个电影，千万不要看毁所有的片尾彩蛋,推荐,2018-04-23
247,Anita 煎酿三婶,上海,这片子是不是洗钱用的？,较差,2018-04-28
248,茹影随形,江苏苏州,完全引不起共鸣的我们。今天看到这电影的一系列动作，不给一星真说不过去啊。,很差,2018-04-29
249,大志的小耳朵,浙江杭州,空手套白狼，愚弄大众，恶心，中国电影的耻辱,很差,2018-04-30
250,十一,四川成都,剧情很散，电影中描述的有关爱情的小事丝毫没有打动我，但我还是哭了。我的哭点在于最后爸爸眼睛接近看不见和那封信；到我这个年龄，丝毫不能看甚至于不能听有关亲情方面的丁点东西，总会不自觉的联想到我爸妈，一想到未来一定要分开的日子，眼泪丝毫止不住。,较差,2018-04-30
251,Jetevois, ,台词略矫情啊，尤其中间I miss you那段是垮掉的，极不喜欢电影台词用一些段子何况是过时的段子，编剧白拿钱吗写不出好台词……正片最后的部分还不错,较差,2018-04-28
252,女神的秋裤,山东青岛,《后来的我们》，整体完成度可以，摄影灯光镜头很棒，看着很美很舒服，对曾经的都市打拼的生活还原的很真实，书面化的矫情台词是硬伤，都不如田壮壮的父亲线来的含蓄实在，可以说男女主被后者实力碾压，戏份不多，但那凄微的亲情却比“后来”的爱情更感人。,还行,2018-04-28
253,呐呐, ,emmmm青春片消耗太彻底了让人反胃 台词醉了。还有情怀卖的太过的 虽然你的后来确实不错,很差,2018-04-28
254,每日可爱二百人,河南郑州,3.5星。这部电影跟中国广大都市青年似的，恋爱的时候不懂珍惜，分手之后又戏超多，总想着当时怎样如果如何。我对戏超多的人没有耐心，对戏太多的电影也没耐心。（不过演员都还不错。）,还行,2018-04-29
255,小飘飘,关注此人,伊恩永远爱凯莉。,推荐,2018-04-28
256,文小本,上海,真恶心！恶意退票算违法了吧？,很差,2018-04-29
257,喜多川Johnny,"Tōkyō, Japan",结尾大型飙泪现场 井柏然的演技真的 提升好多好多 一瞬间李见清就是井柏然 井柏然就是李见清,较差,2018-04-28
258,夜第七章,江苏南京,知道给这类青春片打低分永远是豆瓣上的政治正确。但我确实觉得奶茶的这部处女作拍得真好，完成度非常高～不至于像《致青春》这种看得我经常出戏。戳中了我泪点的有两处地方，第一处是周冬雨在电视上看到井柏然的时候，他在说他最对不起的人。我哭得稀里哗啦。第二处是林父给周冬雨写信的那幕,力荐,2018-04-29
259,承泽明,广东深圳,2018年第一尬片，不过里面笑点还蛮多的。两位主演的演技都没使上劲，还是田壮壮演得好，让观众看着特别服气的那种好。,还行,2018-04-23
260,十一,四川成都,剧情很散，电影中描述的有关爱情的小事丝毫没有打动我，但我还是哭了。我的哭点在于最后爸爸眼睛接近看不见和那封信；到我这个年龄，丝毫不能看甚至于不能听有关亲情方面的丁点东西，总会不自觉的联想到我爸妈，一想到未来一定要分开的日子，眼泪丝毫止不住。,较差,2018-04-30
261,Jetevois, ,台词略矫情啊，尤其中间I miss you那段是垮掉的，极不喜欢电影台词用一些段子何况是过时的段子，编剧白拿钱吗写不出好台词……正片最后的部分还不错,较差,2018-04-28
262,女神的秋裤,山东青岛,《后来的我们》，整体完成度可以，摄影灯光镜头很棒，看着很美很舒服，对曾经的都市打拼的生活还原的很真实，书面化的矫情台词是硬伤，都不如田壮壮的父亲线来的含蓄实在，可以说男女主被后者实力碾压，戏份不多，但那凄微的亲情却比“后来”的爱情更感人。,还行,2018-04-28
263,呐呐, ,emmmm青春片消耗太彻底了让人反胃 台词醉了。还有情怀卖的太过的 虽然你的后来确实不错,很差,2018-04-28
264,每日可爱二百人,河南郑州,3.5星。这部电影跟中国广大都市青年似的，恋爱的时候不懂珍惜，分手之后又戏超多，总想着当时怎样如果如何。我对戏超多的人没有耐心，对戏太多的电影也没耐心。（不过演员都还不错。）,还行,2018-04-29
265,小飘飘,关注此人,伊恩永远爱凯莉。,推荐,2018-04-28
266,文小本,上海,真恶心！恶意退票算违法了吧？,很差,2018-04-29
267,喜多川Johnny,"Tōkyō, Japan",结尾大型飙泪现场 井柏然的演技真的 提升好多好多 一瞬间李见清就是井柏然 井柏然就是李见清,较差,2018-04-28
268,夜第七章,江苏南京,知道给这类青春片打低分永远是豆瓣上的政治正确。但我确实觉得奶茶的这部处女作拍得真好，完成度非常高～不至于像《致青春》这种看得我经常出戏。戳中了我泪点的有两处地方，第一处是周冬雨在电视上看到井柏然的时候，他在说他最对不起的人。我哭得稀里哗啦。第二处是林父给周冬雨写信的那幕,力荐,2018-04-29
269,承泽明,广东深圳,2018年第一尬片，不过里面笑点还蛮多的。两位主演的演技都没使上劲，还是田壮壮演得好，让观众看着特别服气的那种好。,还行,2018-04-23
270,阿阿陈,"Muqdisho, Somalia",井柏然？？？你有老婆你跟前女友bb你妈阿？？？,很差,2018-05-01
271,搬砖侠,广东深圳,看到监制是张一白策划张嘉佳，就应想到又是一款根据市场需求特别定制的电影。所谓的北漂作为现实底色，十年纠葛成就怀旧风格，俊男靓女的爱情和文艺作哔台词是商业爱情片标配，至于缅怀前任和追忆爱情遗憾的话题，《前任3》已经证明了市场，所以奶茶真精明，用心打造了一部《前任4：我的作哔前任》。,较差,2018-04-28
272,羞羞羞羞羞涩姐,江苏南京,上九天揽月 下五洋捉鳖,力荐,2018-04-28
273,快乐人生, ,一般般，蛮失望的，不是我所喜欢的，演员还是需要选择适合自己演绎的剧本。,较差,2018-04-29
274,韶华倾负,湖南长沙,周冬雨演这种大大咧咧的角色还真挺在行的，但是这个电影就两个字：矫情，台词真是尬的一逼,较差,2018-04-28
275,Bless_U, ,这次情怀卖太过了，而且跟奶茶那首后来完全没有任何关系，就一普通北京北漂青年爱情故事，故事本身平淡无奇毫无升华。一星给两个主演演技，一星给奶茶的镜头语言。,较差,2018-04-29
276,X,上海,并不喜欢这种文艺片，可能本人的生活比较平淡，情感淡漠，无法理解,较差,2018-04-28
277,葱花饼, ,营销过度的一部影片。尬看全程，矫揉造作，感动不到在大城市打拼的人，强行深情。,很差,2018-04-28
278,天涯过客, ,剧情硬伤太多了，三观也成迷，5.6分这样吧，要不是情怀，票房指定扑街，最近听说票房注水严重，那就只能给1星了～,很差,2018-04-28
279,丁小云,Fiji,打三星好像有点苛刻，毕竟它榨干了我今天能流出的所有眼泪。这片儿摆明了就是借鉴陈可辛的《如果爱》，但只借鉴了皮。同是北漂爱情血泪故事，《如》很纯粹，《后》只想催泪。但不得不说，作为商业爱情片，《后》拍成这样很成功了。《后》的编剧群对于观众的泪点的精密算计是教科书级别的。,还行,2018-04-30
280,阿阿陈,"Muqdisho, Somalia",井柏然？？？你有老婆你跟前女友bb你妈阿？？？,很差,2018-05-01
281,搬砖侠,广东深圳,看到监制是张一白策划张嘉佳，就应想到又是一款根据市场需求特别定制的电影。所谓的北漂作为现实底色，十年纠葛成就怀旧风格，俊男靓女的爱情和文艺作哔台词是商业爱情片标配，至于缅怀前任和追忆爱情遗憾的话题，《前任3》已经证明了市场，所以奶茶真精明，用心打造了一部《前任4：我的作哔前任》。,较差,2018-04-28
282,羞羞羞羞羞涩姐,江苏南京,上九天揽月 下五洋捉鳖,力荐,2018-04-28
283,快乐人生, ,一般般，蛮失望的，不是我所喜欢的，演员还是需要选择适合自己演绎的剧本。,较差,2018-04-29
284,韶华倾负,湖南长沙,周冬雨演这种大大咧咧的角色还真挺在行的，但是这个电影就两个字：矫情，台词真是尬的一逼,较差,2018-04-28
285,Bless_U, ,这次情怀卖太过了，而且跟奶茶那首后来完全没有任何关系，就一普通北京北漂青年爱情故事，故事本身平淡无奇毫无升华。一星给两个主演演技，一星给奶茶的镜头语言。,较差,2018-04-29
286,X,上海,并不喜欢这种文艺片，可能本人的生活比较平淡，情感淡漠，无法理解,较差,2018-04-28
287,葱花饼, ,营销过度的一部影片。尬看全程，矫揉造作，感动不到在大城市打拼的人，强行深情。,很差,2018-04-28
288,天涯过客, ,剧情硬伤太多了，三观也成迷，5.6分这样吧，要不是情怀，票房指定扑街，最近听说票房注水严重，那就只能给1星了～,很差,2018-04-28
289,丁小云,Fiji,打三星好像有点苛刻，毕竟它榨干了我今天能流出的所有眼泪。这片儿摆明了就是借鉴陈可辛的《如果爱》，但只借鉴了皮。同是北漂爱情血泪故事，《如》很纯粹，《后》只想催泪。但不得不说，作为商业爱情片，《后》拍成这样很成功了。《后》的编剧群对于观众的泪点的精密算计是教科书级别的。,还行,2018-04-30
290,Jesse,广东深圳,"1、全片看下来感觉前后不是一个水平的导演拍的……前半段好几处硬到尴尬癌要犯了
2 、全片一共哭了两回，一回是黑白影像下周冬雨在车内感慨错过林见清的痛哭；另一回是结尾父亲的那封信，会回想到自己的父亲。
3、真的是很喜欢周冬雨了",推荐,2018-04-28
291,丁不懂,北京,她想要个家，而他以为她想要个房。,推荐,2018-04-28
292,强迫症不能好了,广东广州,确认过眼神，你是注水选定的人。,很差,2018-04-29
293,紅豆生南京,江苏南京,音乐不错，演员ok，田壮壮很好，摄影特别特别的好！唯一不好的就是刘若英控制不住自己写装逼台词的手。,还行,2018-04-28
294,闲人,上海,一部爱情片，从头到尾看不到爱情，也许这就是中国式爱情吧，永远在拍同病相怜抱团取暖，但这不是爱情。,较差,2018-04-29
295,敖凌, ,以为奶茶的青春片会有点新创意，失望了，编剧不行，周冬雨和井柏然还是不错的。,较差,2018-04-28
296,twotwo,北京,北京进城务工第五年，大笑过，争吵过，放弃过，怀疑过，白水煮面在出租屋吃过，拿到第一笔“巨款”时怅然若失过。然后，我们彼此成为了更好的人，然后各自过完了一生。总之，但愿能认得出你的子女，临别亦听得到你讲再见。,力荐,2018-04-28
297,不想在水里的鱼,广东广州,对奋斗在一线人描写得挺真实的，没有触动，这些年被这类电影洗脑太多，感觉太假,较差,2018-04-28
298,馆君,北京,当小晓离开后，见清打开空荡荡房间的窗户，那双眼睛里透着的绝望真的太震撼。曾经以为和你有一间向阳的房，一张温暖的床，便是幸福。很多年后才明白，情分二字，若无缘分，有情亦徒劳。错过就是错过，珍惜眼前人和当下，才不负当初与那个人的用力拥抱。,力荐,2018-04-28
299,我就不喝纯牛奶, ,有泪点，但是感觉剧情其实是一般青春片。但是小黄鸭真的演的很棒！,较差,2018-04-28
300,Jesse,广东深圳,"1、全片看下来感觉前后不是一个水平的导演拍的……前半段好几处硬到尴尬癌要犯了
2 、全片一共哭了两回，一回是黑白影像下周冬雨在车内感慨错过林见清的痛哭；另一回是结尾父亲的那封信，会回想到自己的父亲。
3、真的是很喜欢周冬雨了",推荐,2018-04-28
301,丁不懂,北京,她想要个家，而他以为她想要个房。,推荐,2018-04-28
302,强迫症不能好了,广东广州,确认过眼神，你是注水选定的人。,很差,2018-04-29
303,紅豆生南京,江苏南京,音乐不错，演员ok，田壮壮很好，摄影特别特别的好！唯一不好的就是刘若英控制不住自己写装逼台词的手。,还行,2018-04-28
304,闲人,上海,一部爱情片，从头到尾看不到爱情，也许这就是中国式爱情吧，永远在拍同病相怜抱团取暖，但这不是爱情。,较差,2018-04-29
305,敖凌, ,以为奶茶的青春片会有点新创意，失望了，编剧不行，周冬雨和井柏然还是不错的。,较差,2018-04-28
306,twotwo,北京,北京进城务工第五年，大笑过，争吵过，放弃过，怀疑过，白水煮面在出租屋吃过，拿到第一笔“巨款”时怅然若失过。然后，我们彼此成为了更好的人，然后各自过完了一生。总之，但愿能认得出你的子女，临别亦听得到你讲再见。,力荐,2018-04-28
307,不想在水里的鱼,广东广州,对奋斗在一线人描写得挺真实的，没有触动，这些年被这类电影洗脑太多，感觉太假,较差,2018-04-28
308,馆君,北京,当小晓离开后，见清打开空荡荡房间的窗户，那双眼睛里透着的绝望真的太震撼。曾经以为和你有一间向阳的房，一张温暖的床，便是幸福。很多年后才明白，情分二字，若无缘分，有情亦徒劳。错过就是错过，珍惜眼前人和当下，才不负当初与那个人的用力拥抱。,力荐,2018-04-28
309,我就不喝纯牛奶, ,有泪点，但是感觉剧情其实是一般青春片。但是小黄鸭真的演的很棒！,较差,2018-04-28
310,罗四夕,重庆,后来的我们，后来的退票，后来的欺诈,很差,2018-04-29
311,鳄鱼姐,湖南长沙,张一白和张嘉佳，见到这两个名字的时候，就要预警啊！,很差,2018-04-30
312,质数7,四川凉山,冗长乏味，台词矫揉造作。井柏然意外不错，OST点赞。,较差,2018-04-28
313,锅包又又😜,河南郑州,只能说一般，节奏慢而且散和拖沓，主要是时间跨度长，另外大段独白没必要也矫情。,较差,2018-04-28
314,sterdam,关注此人,相爱之人却无法在一起的故事，融入了时代大背景下新旧价值观的冲突而显得真实。周冬雨演这种小女生真是出神入化。田壮壮最后那封信有句话很动人：“缘分这事儿，能不负对方就好，想要不负一生真的很难。”井柏然和周冬雨在地铁相拥那一幕过场，时间设定是2008年，而地铁里贴的指示图也是那一年的。,推荐,2018-04-28
315,热锅上的蚂蚁, ,换汤不换药的情怀电影，不算多惊艳，及格分,还行,2018-04-28
316,少数派的报告,"Padova, Italy",港真，本来我是非常期待的第一天都没订到票，第二天才看，结果真的是一言难尽！没明白哪里来的一往情深，也没看出来撕心裂肺，更是稀里糊涂的分开各自安好！大概需要多看看豆瓣大神的分析了吧，勉强三颗星……我觉得见清爸爸演的特别棒！,还行,2018-05-02
317,苹果, ,时间长，片断拼凑的感觉，男主有点窝囊，女主绿茶。,较差,2018-04-28
318,芥末蘸酱,北京,一首歌能卖20亿，刘若英“付出的青春这么多年”也值得了。,较差,2018-04-28
319,123木头人,河北邢台,情怀利用的有点过了，期待越大，失望越大，演技挺好，剧情真是……,较差,2018-04-28
320,罗四夕,重庆,后来的我们，后来的退票，后来的欺诈,很差,2018-04-29
321,鳄鱼姐,湖南长沙,张一白和张嘉佳，见到这两个名字的时候，就要预警啊！,很差,2018-04-30
322,质数7,四川凉山,冗长乏味，台词矫揉造作。井柏然意外不错，OST点赞。,较差,2018-04-28
323,锅包又又😜,河南郑州,只能说一般，节奏慢而且散和拖沓，主要是时间跨度长，另外大段独白没必要也矫情。,较差,2018-04-28
324,sterdam,关注此人,相爱之人却无法在一起的故事，融入了时代大背景下新旧价值观的冲突而显得真实。周冬雨演这种小女生真是出神入化。田壮壮最后那封信有句话很动人：“缘分这事儿，能不负对方就好，想要不负一生真的很难。”井柏然和周冬雨在地铁相拥那一幕过场，时间设定是2008年，而地铁里贴的指示图也是那一年的。,推荐,2018-04-28
325,热锅上的蚂蚁, ,换汤不换药的情怀电影，不算多惊艳，及格分,还行,2018-04-28
326,少数派的报告,"Padova, Italy",港真，本来我是非常期待的第一天都没订到票，第二天才看，结果真的是一言难尽！没明白哪里来的一往情深，也没看出来撕心裂肺，更是稀里糊涂的分开各自安好！大概需要多看看豆瓣大神的分析了吧，勉强三颗星……我觉得见清爸爸演的特别棒！,还行,2018-05-02
327,苹果, ,时间长，片断拼凑的感觉，男主有点窝囊，女主绿茶。,较差,2018-04-28
328,芥末蘸酱,北京,一首歌能卖20亿，刘若英“付出的青春这么多年”也值得了。,较差,2018-04-28
329,123木头人,河北邢台,情怀利用的有点过了，期待越大，失望越大，演技挺好，剧情真是……,较差,2018-04-28
330,谢谢你们的鱼,北京,去年《前任3:再见 前任》，今年《前任4:再 见前任》。,较差,2018-05-01
331,恶魔的步调,浙江台州,我说前半还挺正常的，后半全程尬，不是摄影震场，根本没法看，你万一中途睡去最后醒来，某些场景你还以为穿到情书？片场去了。,还行,2018-04-29
332,SingLesinger,北京,你们有那功夫给北京喊话，说些矫情话，咋不早点干点正经事，改变两个人的生活呢？,很差,2018-04-28
333,633-先森, ,1星送给恶意刷票退票,很差,2018-04-29
334,你看看！,北京,别再让田壮壮写信了 小心脏受不了,较差,2018-05-04
335,暗中观察, ,算是有点情怀吧，后来的后来。（三星）//晚上电影爆出的骚操作太牛逼，资本惹不起，一星不谢。,很差,2018-04-28
336,反正都是禽兽, ,三星半三星半 就是有些台词太矫情 幸好男女主演技不错 看着不那么别扭ʔ•͓͡•ʔ要不然真的会走,还行,2018-04-28
337,努力减肥的girl, ,点映的弹幕看哭我了。那些名字，那些遗憾，那些对不起，突然在深夜宣泄了出来。 你们看到了吗？看到自己的名字在弹幕里被某个人呼喊了吗？,力荐,2018-04-28
338,胡岚,重庆,这是我见过最牛逼的宣传。,很差,2018-04-28
339,唐朝,北京,情节太尬，桥段老旧——大喊理想、北京怎么怎么样。故事拼贴感太强，缺少核心表现力，男女主角的情感流变浮于表面，没有有力量的点，就是把普通人对城市青年的打拼困境的想象，组合后搬演一下。男女主重遇的戏，回忆往事时，台词像是在演舞台剧，飙金句。比她师父的《相爱相亲》差太远了。,较差,2018-04-28
340,谢谢你们的鱼,北京,去年《前任3:再见 前任》，今年《前任4:再 见前任》。,较差,2018-05-01
341,恶魔的步调,浙江台州,我说前半还挺正常的，后半全程尬，不是摄影震场，根本没法看，你万一中途睡去最后醒来，某些场景你还以为穿到情书？片场去了。,还行,2018-04-29
342,SingLesinger,北京,你们有那功夫给北京喊话，说些矫情话，咋不早点干点正经事，改变两个人的生活呢？,很差,2018-04-28
343,633-先森, ,1星送给恶意刷票退票,很差,2018-04-29
344,你看看！,北京,别再让田壮壮写信了 小心脏受不了,较差,2018-05-04
345,暗中观察, ,算是有点情怀吧，后来的后来。（三星）//晚上电影爆出的骚操作太牛逼，资本惹不起，一星不谢。,很差,2018-04-28
346,反正都是禽兽, ,三星半三星半 就是有些台词太矫情 幸好男女主演技不错 看着不那么别扭ʔ•͓͡•ʔ要不然真的会走,还行,2018-04-28
347,努力减肥的girl, ,点映的弹幕看哭我了。那些名字，那些遗憾，那些对不起，突然在深夜宣泄了出来。 你们看到了吗？看到自己的名字在弹幕里被某个人呼喊了吗？,力荐,2018-04-28
348,胡岚,重庆,这是我见过最牛逼的宣传。,很差,2018-04-28
349,唐朝,北京,情节太尬，桥段老旧——大喊理想、北京怎么怎么样。故事拼贴感太强，缺少核心表现力，男女主角的情感流变浮于表面，没有有力量的点，就是把普通人对城市青年的打拼困境的想象，组合后搬演一下。男女主重遇的戏，回忆往事时，台词像是在演舞台剧，飙金句。比她师父的《相爱相亲》差太远了。,较差,2018-04-28
350,冰山的阴影,福建福州,用精心粉饰的流水账来诉说故作腔调而无处安放的乡愁。矛盾全靠拼，金句全靠攒，散文不散文，情节也不情节。国产电影，无论观众还是创作者永远只懂得感知及把握如言谈、道具这类乍看有形实则空洞的情绪坐标；若要塑造个扎扎实实、由内在心理来驱动行为的丰满人物，到头来还得靠田壮壮这种演员自己动手。,较差,2018-04-28
351,徐若风,浙江杭州,田壮壮的林父值一个金马男配提名；周冬雨迟早金马二封；井柏然虽被碾压仍是开挂，演艺生涯迄今最佳。但，除了演员群戏佳和制作水准（摄影/配乐/剪辑）等撑场面外，还是张一白那套矫情不说人话台词＋爆款文拼贴的思路，很“国产爱情片”陈词滥调。叙事结构则和《匆匆那年》如出一辙，经不起细究。,还行,2018-04-29
352,seamouse,北京,旁边女观众哭得不停颤抖，我却只能在这个时代性还算准确的北漂爱情故事里无动于衷。其实除了收尾实在啰嗦外，整体发展还真挺流畅，角色行为逻辑和人生起伏也都合理，就是在当下看这种小格局实在没意思。,还行,2018-04-28
353,好姑娘老妖,北京,坦白讲不算特别差，但也就一般吧，吹得太过了，吃相更加难看。,较差,2018-04-29
354,琼斯黄,北京,我说过这片子像甜蜜蜜，所以开场二十分钟我就给了自己一巴掌。要不是田壮壮，我连一颗星都不想给。导演负分，剧本里的场面拍得乱七八糟剪辑配乐没一样及格，台词不说人话只会让演员演情绪。画面饱和度失真游戏画面更是十八线审美。导演还敢拿臆想中的北京和北方教育我奋斗与乡愁，去他妈的。,很差,2018-04-28
355,叮克铃, ,"后来的后来，我们不再是我们，没有谁再愿意为谁上九天揽月，下五洋捉鳖。
编剧太混乱，三星给三位主演",还行,2018-04-28
356,苏先生,北京,电影对的起《后来》这首经典歌曲，主题是错过。我想起来我年轻的时候也给一个姑娘给过承诺，但我后来也娶了别的女人，生活面前没有成功者。男性总不如女性在生活上抗造，很容易丢失自己，很容易坠落。剧本是真好，让人特别舒服，周冬雨的演技也是又一次达到了高峰，把角色完全演活了，最后田导催泪啊。,力荐,2018-04-23
357,基瑞尔,"Boston, United States",插曲里的田馥甄五月天陈奕迅、万人合唱的《后来》、公号里再次火速流窜的那段《桃色蛋白质》故事...感觉片方卯足了劲要把目标群体每一分钱都榨光（慨叹去年的《相爱相亲》没能有这等宣发投入）。戴眼镜的井柏然意外创造了在我心中的颜值顶峰、周冬雨有突破，但都难掩流水账的叙事和尬矫情台词的毛病。,还行,2018-04-28
358,布拉德皮邪,浙江杭州,6分，最后的大合唱没看完就走了，前后左右斜边都哭的不行感觉自己是个异类。最大问题就是全靠嘴说，《甜蜜蜜》的唏嘘可不是全靠主角矫情的讲出来的，《春光乍泄》的黑白运用也没见王家卫噼里啪啦给梁朝伟加台词。低俗梗真不相信是奶茶想的，营销真的很成功了。,还行,2018-04-28
359,世界尽头,关注此人,"喜欢听奶茶的后来，电影阵容有强大，满怀希望去看的，结果真的超级失望。
后来
我总算学会了如何去爱
可是你早已远去
消失在人海
后来
终于在眼泪中明白
有些人一旦错过就不在

我觉得这种青春片就应该留有遗憾才最动人，结果已婚男和前女友纠缠在一起算什么，就不能留个美好回忆，相忘于江湖",较差,2018-05-01
360,冰山的阴影,福建福州,用精心粉饰的流水账来诉说故作腔调而无处安放的乡愁。矛盾全靠拼，金句全靠攒，散文不散文，情节也不情节。国产电影，无论观众还是创作者永远只懂得感知及把握如言谈、道具这类乍看有形实则空洞的情绪坐标；若要塑造个扎扎实实、由内在心理来驱动行为的丰满人物，到头来还得靠田壮壮这种演员自己动手。,较差,2018-04-28
361,徐若风,浙江杭州,田壮壮的林父值一个金马男配提名；周冬雨迟早金马二封；井柏然虽被碾压仍是开挂，演艺生涯迄今最佳。但，除了演员群戏佳和制作水准（摄影/配乐/剪辑）等撑场面外，还是张一白那套矫情不说人话台词＋爆款文拼贴的思路，很“国产爱情片”陈词滥调。叙事结构则和《匆匆那年》如出一辙，经不起细究。,还行,2018-04-29
362,seamouse,北京,旁边女观众哭得不停颤抖，我却只能在这个时代性还算准确的北漂爱情故事里无动于衷。其实除了收尾实在啰嗦外，整体发展还真挺流畅，角色行为逻辑和人生起伏也都合理，就是在当下看这种小格局实在没意思。,还行,2018-04-28
363,好姑娘老妖,北京,坦白讲不算特别差，但也就一般吧，吹得太过了，吃相更加难看。,较差,2018-04-29
364,琼斯黄,北京,我说过这片子像甜蜜蜜，所以开场二十分钟我就给了自己一巴掌。要不是田壮壮，我连一颗星都不想给。导演负分，剧本里的场面拍得乱七八糟剪辑配乐没一样及格，台词不说人话只会让演员演情绪。画面饱和度失真游戏画面更是十八线审美。导演还敢拿臆想中的北京和北方教育我奋斗与乡愁，去他妈的。,很差,2018-04-28
365,叮克铃, ,"后来的后来，我们不再是我们，没有谁再愿意为谁上九天揽月，下五洋捉鳖。
编剧太混乱，三星给三位主演",还行,2018-04-28
366,苏先生,北京,电影对的起《后来》这首经典歌曲，主题是错过。我想起来我年轻的时候也给一个姑娘给过承诺，但我后来也娶了别的女人，生活面前没有成功者。男性总不如女性在生活上抗造，很容易丢失自己，很容易坠落。剧本是真好，让人特别舒服，周冬雨的演技也是又一次达到了高峰，把角色完全演活了，最后田导催泪啊。,力荐,2018-04-23
367,基瑞尔,"Boston, United States",插曲里的田馥甄五月天陈奕迅、万人合唱的《后来》、公号里再次火速流窜的那段《桃色蛋白质》故事...感觉片方卯足了劲要把目标群体每一分钱都榨光（慨叹去年的《相爱相亲》没能有这等宣发投入）。戴眼镜的井柏然意外创造了在我心中的颜值顶峰、周冬雨有突破，但都难掩流水账的叙事和尬矫情台词的毛病。,还行,2018-04-28
368,布拉德皮邪,浙江杭州,6分，最后的大合唱没看完就走了，前后左右斜边都哭的不行感觉自己是个异类。最大问题就是全靠嘴说，《甜蜜蜜》的唏嘘可不是全靠主角矫情的讲出来的，《春光乍泄》的黑白运用也没见王家卫噼里啪啦给梁朝伟加台词。低俗梗真不相信是奶茶想的，营销真的很成功了。,还行,2018-04-28
369,世界尽头,关注此人,"喜欢听奶茶的后来，电影阵容有强大，满怀希望去看的，结果真的超级失望。
后来
我总算学会了如何去爱
可是你早已远去
消失在人海
后来
终于在眼泪中明白
有些人一旦错过就不在

我觉得这种青春片就应该留有遗憾才最动人，结果已婚男和前女友纠缠在一起算什么，就不能留个美好回忆，相忘于江湖",较差,2018-05-01
370,birds,上海,伤感的只是时间，飘飘零零的灰暗岁月，最难遇到一个全然相信对方的人，太考验太冒险。周冬雨角色太招人爱了，即使没那么喜欢电影，不敢想象换成另一波主创是什么狗血模样。彩色的他们都是落在地上的鲜活恋人，即使后来再不遂人意，一生也有了太多渗透。也曾为了爱盼望，现实却逼得依然没有方向,还行,2018-04-29
371,越难越爱, ,感觉吹的有点过了，看了之后觉得没啥大水花，里面说的演技个人觉得就是正常水平。,较差,2018-04-29
372,爱吃地瓜,四川成都,基本没啥剧情，时间又长，而且大段对白多又矫情，男女主人设很差。,较差,2018-04-28
373,萧秋水,广东深圳,剧本瞎了演员的好演技，特别是田壮壮，贡献了全剧最感人的角色。井柏然让人刮目相看，周冬雨可爱但没有突破。故事冗长无味，让人如坐针毡，有几个细节不错，隔断房俯拍镜头惊艳，芸芸众生相。和《如果•爱》、《甜蜜蜜》不能比，太琐碎，情感做作，不明所以的分手和后来的怀念。,还行,2018-05-02
374,bekey,四川成都,特别喜欢奶茶，处女座就一定要看啊！嗯，挺满意！林见清和方小晓的名字就很文艺，整部片子也很细腻入微，主线是北漂的爱情故事（导演说不幸才有故事……），虽然没在一起，但是那些回忆永远都在。林父对儿子隐晦的感情及对小晓的亲情认同，却让人一下哭出来了！为什么他们没在一起！希望大家都幸福吧！,还行,2018-04-28
375,Emily,江苏苏州,一星给奶茶，一星给情怀，一星给“后来”，剧情有硬伤，奶茶的导演处女作还是支持一下！,还行,2018-04-28
376,xxxx, ,主演表现都不错，就是感觉不如预期。最令我难受的居然是男主的爸爸，最后一直心心念念小晓回来了和见清在一起，他给小晓写的那封信戳中了我。其实还是蛮现实的，现实中我的一个亲人有过类似的感情，只是错过了终究就是错过了……,还行,2018-04-28
377,姬月梅, ,全是玻璃渣。,还行,2018-04-30
378,笑书神侠倚碧鸳,河北承德,演员演技值得称赞了，投入、带动观众去经历去体验，不过三观有待改正。满场不断出现的哭声，哎，有故事的人们啊！,还行,2018-05-08
379,橘猫, ,难看，毁三观，一个有老婆的丈夫和前任还纠缠不清，整部电影PPT的既视感，浪费钱,很差,2018-04-30
380,birds,上海,伤感的只是时间，飘飘零零的灰暗岁月，最难遇到一个全然相信对方的人，太考验太冒险。周冬雨角色太招人爱了，即使没那么喜欢电影，不敢想象换成另一波主创是什么狗血模样。彩色的他们都是落在地上的鲜活恋人，即使后来再不遂人意，一生也有了太多渗透。也曾为了爱盼望，现实却逼得依然没有方向,还行,2018-04-29
381,越难越爱, ,感觉吹的有点过了，看了之后觉得没啥大水花，里面说的演技个人觉得就是正常水平。,较差,2018-04-29
382,爱吃地瓜,四川成都,基本没啥剧情，时间又长，而且大段对白多又矫情，男女主人设很差。,较差,2018-04-28
383,萧秋水,广东深圳,剧本瞎了演员的好演技，特别是田壮壮，贡献了全剧最感人的角色。井柏然让人刮目相看，周冬雨可爱但没有突破。故事冗长无味，让人如坐针毡，有几个细节不错，隔断房俯拍镜头惊艳，芸芸众生相。和《如果•爱》、《甜蜜蜜》不能比，太琐碎，情感做作，不明所以的分手和后来的怀念。,还行,2018-05-02
384,bekey,四川成都,特别喜欢奶茶，处女座就一定要看啊！嗯，挺满意！林见清和方小晓的名字就很文艺，整部片子也很细腻入微，主线是北漂的爱情故事（导演说不幸才有故事……），虽然没在一起，但是那些回忆永远都在。林父对儿子隐晦的感情及对小晓的亲情认同，却让人一下哭出来了！为什么他们没在一起！希望大家都幸福吧！,还行,2018-04-28
385,Emily,江苏苏州,一星给奶茶，一星给情怀，一星给“后来”，剧情有硬伤，奶茶的导演处女作还是支持一下！,还行,2018-04-28
386,xxxx, ,主演表现都不错，就是感觉不如预期。最令我难受的居然是男主的爸爸，最后一直心心念念小晓回来了和见清在一起，他给小晓写的那封信戳中了我。其实还是蛮现实的，现实中我的一个亲人有过类似的感情，只是错过了终究就是错过了……,还行,2018-04-28
387,姬月梅, ,全是玻璃渣。,还行,2018-04-30
388,笑书神侠倚碧鸳,河北承德,演员演技值得称赞了，投入、带动观众去经历去体验，不过三观有待改正。满场不断出现的哭声，哎，有故事的人们啊！,还行,2018-05-08
389,橘猫, ,难看，毁三观，一个有老婆的丈夫和前任还纠缠不清，整部电影PPT的既视感，浪费钱,很差,2018-04-30
390,你猜我谁啊,关注此人,如果当初没分开那后来的我们会怎么样.....会不会错过，我想会，后来的我们不再是我们只是过客没有人再会愿意上九天捞月下五洋捉鳖，所以啊珍惜眼前人不要在失去后后悔，因为后来的你们注定不会在一起,推荐,2018-04-28
391,豁达叉鸡,广东广州,林见清的结巴室友那面铺满了AV女的墙上，贴着一张《Billy Elliot》的电影海报，也许正暗示了《后来的我们》的终极主题：寻找自我。方小晓这样的社会底层女性，没有都会独立女子的底气，她的路是自己跌跌撞撞用血肉之躯挖出来的。离开帝都回到遥江，过自己想要的生活，珍惜人生这场缘分。,力荐,2018-05-03
392,长安公子FF, ,一颗星给演员演技 另一颗给林见清父亲读信那一段,较差,2018-04-28
393,文森特九六,山东日照,＋0.5，后来的我们，居然还能在影院里看到这种过时的从前……,较差,2018-04-29
394,SF,山西临汾,今天，我用对这部电影的一星评价来记录这个中国电影行业的魔幻时刻。要是单评电影，应该有三星。,很差,2018-04-29
395,无聊的人生, ,三个字不喜欢,很差,2018-05-09
396,影随茵动,北京,听说有刷票房事件，其实我没那么斗士，只是无意看了八组剧情梳理贴，我很理性的来打个一星。,很差,2018-04-29
397,蒜 | BOY A,四川成都,从第一个黑白镜头就开始流泪，整部电影脸上的水都没有干透过，想起十年前在北京的自己，想起遇到的他们，想起现在的你，如果再给我十年，我还是宁愿一无所有，只要你。,推荐,2018-04-30
398,瑾朵朵,湖北神农架林区,真心不好看,较差,2018-04-29
399,烟雨墨冷竹离殇, ,一般般吧，可能期望过高所以有点失望,还行,2018-04-28
400,你猜我谁啊,关注此人,如果当初没分开那后来的我们会怎么样.....会不会错过，我想会，后来的我们不再是我们只是过客没有人再会愿意上九天捞月下五洋捉鳖，所以啊珍惜眼前人不要在失去后后悔，因为后来的你们注定不会在一起,推荐,2018-04-28
401,豁达叉鸡,广东广州,林见清的结巴室友那面铺满了AV女的墙上，贴着一张《Billy Elliot》的电影海报，也许正暗示了《后来的我们》的终极主题：寻找自我。方小晓这样的社会底层女性，没有都会独立女子的底气，她的路是自己跌跌撞撞用血肉之躯挖出来的。离开帝都回到遥江，过自己想要的生活，珍惜人生这场缘分。,力荐,2018-05-03
402,长安公子FF, ,一颗星给演员演技 另一颗给林见清父亲读信那一段,较差,2018-04-28
403,文森特九六,山东日照,＋0.5，后来的我们，居然还能在影院里看到这种过时的从前……,较差,2018-04-29
404,SF,山西临汾,今天，我用对这部电影的一星评价来记录这个中国电影行业的魔幻时刻。要是单评电影，应该有三星。,很差,2018-04-29
405,无聊的人生, ,三个字不喜欢,很差,2018-05-09
406,影随茵动,北京,听说有刷票房事件，其实我没那么斗士，只是无意看了八组剧情梳理贴，我很理性的来打个一星。,很差,2018-04-29
407,蒜 | BOY A,四川成都,从第一个黑白镜头就开始流泪，整部电影脸上的水都没有干透过，想起十年前在北京的自己，想起遇到的他们，想起现在的你，如果再给我十年，我还是宁愿一无所有，只要你。,推荐,2018-04-30
408,瑾朵朵,湖北神农架林区,真心不好看,较差,2018-04-29
409,烟雨墨冷竹离殇, ,一般般吧，可能期望过高所以有点失望,还行,2018-04-28
410,蓝色啄木鸟,北京,矫情之作，扭曲的爱情观，结婚了再继续电影中的那样子回忆就是耍流氓。,很差,2018-04-29
411,嬉皮绅士韦小宝, ,看完电影，感触颇多。周冬雨不愧是金马影后，她将方小晓的敢爱敢恨，自由洒脱表现得淋漓尽致，井柏然的林见清也着实让人惊艳，而最让人印象深刻的还是田壮壮的林父，其中国式父亲对子女表达爱的方式几度让人落泪。十分推荐。,力荐,2018-04-28
412,我,北京,有些才女就是被包装出来的文青模特，端着的时候很像那么一回事，但是真要做起事来就原形毕露。刘若英和徐静蕾一样，没多少思想又不甘平淡，自我欺骗以为自己真的就是媒体宣传的才女。。。,较差,2018-04-29
413,浥尘尘, ,消费情怀，消费青春,较差,2018-04-29
414,颜小兽,北京,是温柔的真诚的片子，台词就算是有点矫情但我不觉得尴尬。大家摸着良心说，谁年轻时候谈恋爱不是那样讲话的呢？周冬雨真的是小精灵啊！演什么像什么。她一哭我就莫名其妙跟着哇哇哭。结尾一句话戳的我钝痛：缘分这件事，彼此不负就够了，想不负此生，真的很难很难。,推荐,2018-04-29
415,啵酱,关注此人,我觉得一般般吧，卖情怀多一点，演技倒是没有问题，就是剧情感觉在拼凑出来……然后这不是我的青春，没有什么认同感……,还行,2018-04-28
416,网络吸猫达人, ,"故事情节比较老套，台词过于心灵鸡汤，但是黑白与彩色镜头的设定我很喜欢，男女主演技还可以，不出戏，所以本来打两星的，多加一星
后面会再补个长评",还行,2018-04-28
417,七月的色烈芬_,"Al-Qāhirah, Egypt",以为有多惊艳 没想到还是这种垃圾前任3一样的伪共鸣来赚眼泪 矫情的对白 毫无水平的叙事能力 以前深爱对方却最后没有在一起的戏码到底还要拍多少次 国人是有多遗憾自己的爱情？没惊喜没诚意 多少人向着才女刘若英这个噱头来看 实则浪得虚名 但愿票房别惯坏了她 不然中国的青春片将永无进步。,很差,2018-04-29
418,カ ラ リ サ,"Tōkyō, Japan",幼稚、矫情、老套、无趣、没有想象力、煽情到必须放5遍主题曲确定所有北漂都哭了才放心。到底要到什么时候才能摆脱这种有车有房才牛逼的世界观…,很差,2018-04-28
419,一羊w, ,台词矫揉做作，但我热爱奶茶，喜欢井柏然，喜欢周冬雨。后来是永远无法忘记的旋律,推荐,2018-04-28
